npassagem,date,classe,preco
6463689017,2025-02-08 09:08:46,Primeira Classe,2344.52
7406113196,2024-02-07 01:12:47,Economica Flexivel,2555.23
3495158111,2022-06-03 20:20:28,Primeira Classe,2911.74
1507181981,2022-02-27 10:10:11,Executiva,2404.42
4245699264,2023-09-10 06:14:32,Economica,2613.06
6961992439,2022-03-06 22:12:56,Primeira Classe,969.26
1731345038,2022-12-10 19:27:29,Primeira Classe,812.44
0214348466,2023-05-31 11:30:47,Economica Flexivel,1505.69
0175949735,2022-05-12 06:48:28,Primeira Classe,2902.88
8517313003,2024-04-30 21:30:38,Economica Flexivel,688.89
8767421172,2024-08-18 04:29:13,Economica,929.2
8641379797,2023-12-20 02:38:45,Executiva,620.63
3812253259,2025-10-20 01:14:10,Primeira Classe,1277.89
3059259682,2022-03-26 12:46:39,Economica,560.12
2538025540,2022-11-13 08:42:17,Primeira Classe,373.16
5218190268,2023-05-30 06:50:03,Economica Flexivel,1748.6
5603471824,2024-05-19 10:54:33,Executiva,1619.72
1132861098,2024-08-12 03:21:21,Executiva,2306.94
7511578578,2025-05-16 06:05:43,Executiva,595.94
7263316943,2025-02-09 16:21:11,Economica Flexivel,1280.63
4882237245,2024-07-29 03:32:59,Economica,2188.13
2938493614,2024-03-23 22:52:03,Economica Flexivel,382.95
2239445866,2024-07-31 03:02:18,Economica,1184.39
9527906342,2023-09-18 17:18:36,Economica,2351.44
0850764483,2024-12-18 11:11:25,Primeira Classe,2775.58
1551870797,2024-04-27 05:17:16,Primeira Classe,2748.58
3494857652,2022-10-27 04:15:18,Economica,2867.05
2875503421,2023-03-19 05:59:19,Economica,2632.36
2099716927,2025-12-18 18:33:18,Economica,2183.61
3087168327,2023-03-17 17:38:28,Economica,1863.61
7074484695,2025-07-24 16:20:33,Economica Flexivel,386.16
4740488671,2025-06-30 01:09:39,Economica,1686.94
3513423845,2024-05-12 10:20:36,Economica Flexivel,2479.37
3830675569,2025-09-14 10:06:12,Economica Flexivel,1063.61
6701677002,2022-01-26 16:58:57,Economica Flexivel,319.47
8459738337,2022-10-31 03:14:48,Economica,1972.12
4251234111,2024-03-06 07:18:23,Executiva,1489.08
2285110847,2024-10-25 07:14:11,Primeira Classe,2265.53
1627407669,2024-10-30 19:13:42,Primeira Classe,2506.57
7391144037,2023-08-25 18:17:31,Economica Flexivel,2306.65
9872027358,2025-12-23 10:34:42,Executiva,2889.1
7167386626,2022-09-23 17:46:12,Economica,486.49
1761699776,2023-01-23 22:01:02,Executiva,2391.41
2355135444,2025-03-21 08:30:11,Primeira Classe,1139.13
9498187819,2023-01-07 11:53:09,Executiva,420.34
5894002249,2022-05-27 08:17:52,Economica Flexivel,1920.84
5098078652,2023-01-25 00:56:43,Primeira Classe,1915.92
4004054656,2022-04-17 06:45:35,Executiva,970.1
5873171882,2024-01-06 05:56:00,Economica,342.57
9783510371,2023-02-16 09:07:48,Executiva,679.03
7856986611,2023-08-30 04:32:50,Primeira Classe,1550.13
1357163452,2024-12-02 23:28:25,Economica Flexivel,2724.05
7208627045,2022-07-06 19:12:17,Executiva,2433.85
6914225443,2022-09-25 20:27:20,Economica,637.13
7697779145,2024-02-28 07:17:19,Economica Flexivel,2892.65
0425431185,2023-07-07 14:28:05,Economica Flexivel,1814.0
8509877041,2025-07-21 05:21:47,Executiva,2689.65
9831732626,2024-06-05 08:05:27,Executiva,1030.28
3991239248,2024-09-16 12:24:14,Primeira Classe,895.14
7742848635,2022-11-03 11:20:17,Economica Flexivel,2527.51
8647894871,2023-09-28 00:22:19,Economica,2534.21
0765800179,2024-01-28 02:35:55,Primeira Classe,625.29
1471705498,2023-09-01 23:55:02,Economica,1134.32
0630752044,2025-06-06 11:09:53,Economica Flexivel,1250.98
8060207709,2025-04-05 18:01:19,Executiva,846.35
8071122394,2022-12-16 07:36:13,Economica,1557.29
9883626266,2025-03-21 21:24:25,Primeira Classe,213.67
5711327518,2025-09-18 00:09:07,Executiva,249.57
3370010801,2025-03-11 14:45:04,Economica,2310.96
3537970781,2025-03-26 11:32:50,Executiva,1849.28
1929879571,2022-04-19 02:07:00,Economica,2178.51
7386642601,2023-02-25 09:10:23,Economica,2144.13
3523529719,2024-01-06 08:23:07,Primeira Classe,545.48
3729057308,2025-05-03 08:38:17,Executiva,2013.4
7362154518,2023-07-24 20:34:41,Executiva,301.8
6437610352,2025-06-08 12:17:51,Primeira Classe,922.44
8766745799,2024-02-04 03:10:33,Executiva,690.53
7131860719,2025-05-21 07:57:56,Economica Flexivel,1662.25
5310938583,2025-07-10 10:01:40,Economica Flexivel,2429.73
8524418362,2024-03-12 10:36:48,Executiva,2810.23
5676852623,2023-09-10 06:30:53,Executiva,2865.12
9138426978,2023-05-09 18:03:36,Economica Flexivel,482.18
4897585309,2023-02-25 16:34:33,Economica Flexivel,2366.59
3419297106,2023-11-16 10:24:36,Executiva,2691.86
7449720531,2023-06-07 06:02:52,Economica,2393.63
9205605107,2025-05-12 07:25:34,Economica Flexivel,1189.25
4341925261,2025-03-18 11:45:42,Executiva,203.54
5047118681,2025-08-14 08:49:10,Executiva,355.09
6260236220,2023-01-05 23:32:05,Economica Flexivel,1372.75
0477618464,2023-09-25 12:01:43,Executiva,1476.22
0347301959,2022-07-04 07:40:47,Primeira Classe,523.61
7922110278,2024-07-27 11:40:27,Primeira Classe,354.05
7271939393,2025-06-22 06:14:49,Economica,2309.84
8086094499,2022-07-24 09:42:12,Executiva,1075.96
9200577806,2024-03-23 01:46:12,Executiva,1440.52
1531151736,2022-04-16 13:03:00,Executiva,466.06
2014535124,2025-10-23 13:16:39,Economica Flexivel,2345.74
7905786250,2023-10-15 13:11:12,Economica Flexivel,2151.54
4932882416,2024-03-07 21:06:18,Primeira Classe,1173.44
6628152480,2024-09-23 05:25:24,Economica,275.22
1916088988,2025-12-15 23:09:03,Primeira Classe,776.31
4910308350,2023-10-12 02:46:53,Primeira Classe,1936.76
6167348235,2023-08-02 03:28:15,Economica Flexivel,2477.88
6036579780,2023-02-27 09:18:54,Economica Flexivel,664.1
0283994622,2024-07-11 07:34:27,Economica Flexivel,557.31
3712527675,2024-05-06 04:41:48,Economica,241.98
1518401317,2022-06-15 03:57:35,Executiva,2456.01
8903203003,2024-08-22 09:27:55,Economica Flexivel,1148.06
7090191257,2023-02-23 03:21:50,Primeira Classe,1263.77
7993693888,2025-11-17 01:21:53,Primeira Classe,2578.49
5878725738,2022-03-25 15:19:20,Primeira Classe,1441.66
8536179945,2024-12-03 01:02:55,Executiva,813.57
9762887379,2023-02-18 06:32:32,Executiva,2529.67
7837296389,2024-04-30 03:08:24,Economica Flexivel,338.25
6011820352,2024-03-06 06:53:55,Economica,1512.46
6103450861,2023-07-28 18:30:30,Economica Flexivel,2257.73
1964083257,2022-04-27 18:27:01,Economica,1098.91
7473511807,2023-11-16 22:55:03,Economica,1502.88
7094293860,2024-10-15 15:11:44,Executiva,1485.82
2778108947,2023-10-22 19:35:00,Executiva,1051.73
4317253798,2022-09-06 12:00:04,Executiva,1070.99
4352764000,2022-06-15 17:06:29,Economica,557.16
3221492995,2022-01-17 09:44:33,Economica,2747.22
1138878758,2022-09-09 12:07:42,Economica Flexivel,339.31
7589773778,2025-10-18 06:13:04,Primeira Classe,2809.09
3309915891,2023-06-09 02:02:29,Executiva,1977.52
4332305388,2025-12-27 07:41:15,Executiva,436.83
3820644423,2024-08-13 11:56:31,Primeira Classe,266.42
8515869012,2025-09-15 04:23:14,Primeira Classe,1875.28
2083149092,2024-07-01 17:17:16,Economica,678.67
1006657622,2023-12-24 14:23:18,Primeira Classe,1687.94
3143014016,2025-02-02 05:36:12,Economica Flexivel,2898.37
0790373920,2024-09-28 12:22:01,Economica Flexivel,858.18
9096016599,2022-04-10 20:25:14,Executiva,826.07
7895631667,2025-09-20 00:18:51,Economica,1159.07
0201756064,2025-03-22 12:02:10,Economica Flexivel,2383.17
5419408465,2022-04-16 23:15:22,Executiva,371.9
5636176996,2024-12-12 19:56:49,Economica,1403.44
0182998185,2023-02-23 09:06:51,Executiva,271.07
3783994535,2025-08-03 16:50:17,Executiva,2988.28
0781354919,2023-04-06 23:28:40,Economica,1795.78
0977535339,2022-02-03 19:42:59,Economica Flexivel,2080.76
4569867243,2022-02-12 20:12:10,Executiva,1287.97
3596636124,2024-02-25 21:22:54,Primeira Classe,2712.21
5365317866,2023-08-19 21:53:57,Economica,1482.55
3344154192,2022-03-30 17:56:44,Economica,1548.2
4628449015,2024-04-23 13:33:02,Executiva,2988.78
5006449403,2024-11-22 04:25:49,Primeira Classe,2131.87
4808203871,2023-12-25 00:15:40,Economica,2951.21
6176045541,2024-05-01 07:03:09,Economica,1554.53
6123647636,2025-11-24 11:33:39,Executiva,2522.7
7798218432,2025-12-08 02:27:27,Primeira Classe,1691.3
2169402799,2023-06-06 18:09:18,Executiva,2055.0
1673490808,2025-02-12 03:58:42,Executiva,2839.56
7052250721,2023-01-20 14:46:22,Executiva,1879.13
6029438220,2024-11-16 06:38:50,Executiva,293.88
2055588230,2023-03-14 21:43:12,Primeira Classe,1169.96
9983897350,2022-02-21 21:01:14,Executiva,1518.52
0949639257,2022-08-09 17:13:05,Executiva,619.89
2658562640,2025-10-29 17:21:57,Economica Flexivel,2827.54
6818516165,2023-03-16 12:28:06,Primeira Classe,1632.39
9654488264,2025-03-21 22:11:04,Economica,1769.35
6344468289,2022-09-16 11:10:40,Economica Flexivel,2321.42
6769866560,2023-10-12 08:05:59,Executiva,1683.48
8873731597,2024-07-04 22:19:29,Executiva,386.98
6862137212,2023-12-26 23:39:40,Economica,331.49
3464280780,2025-10-09 06:23:09,Economica Flexivel,246.06
1029649243,2022-11-09 00:58:04,Economica,2040.21
9036575796,2023-01-15 23:00:44,Executiva,2437.32
3004064499,2022-04-08 01:33:33,Primeira Classe,1133.53
0363466827,2023-09-07 06:07:27,Executiva,1050.24
4541769824,2025-02-04 13:24:23,Economica Flexivel,1703.71
0844163732,2023-10-03 17:37:55,Economica Flexivel,2693.01
2933329980,2022-02-18 05:20:26,Primeira Classe,1487.24
1730611923,2023-06-05 09:32:38,Executiva,2963.03
1584856556,2022-12-15 11:51:38,Executiva,2325.64
8665875840,2025-02-14 19:28:05,Executiva,2592.27
8858931785,2022-12-25 05:24:46,Economica Flexivel,1816.56
8130223147,2023-07-14 13:42:16,Economica Flexivel,327.58
0915954427,2024-02-11 05:42:19,Executiva,2123.32
8949718324,2022-03-21 21:08:37,Economica Flexivel,828.36
2956733907,2024-09-20 09:54:44,Economica Flexivel,461.58
7171387062,2022-11-17 11:39:14,Primeira Classe,1242.55
0285491024,2023-12-28 15:26:57,Executiva,2206.05
9159774711,2022-12-22 21:53:47,Primeira Classe,213.7
8588952289,2023-02-03 03:11:41,Economica,1959.02
8193165578,2022-12-10 02:15:11,Executiva,729.78
1534083936,2023-12-18 19:25:53,Economica,915.98
4569424295,2023-08-09 01:27:27,Primeira Classe,681.24
8260329875,2022-10-01 15:34:51,Economica,2211.66
5496479134,2022-02-11 01:59:35,Executiva,1291.07
8727031993,2025-09-03 10:16:34,Executiva,1224.49
8579852552,2023-09-17 08:19:08,Executiva,812.47
3367236136,2023-04-24 01:54:17,Primeira Classe,2591.24
9066923784,2023-05-23 12:40:13,Primeira Classe,1782.82
1752562607,2022-06-18 10:38:44,Primeira Classe,1856.89
6766651423,2025-09-10 07:18:50,Economica Flexivel,1459.62
0476260183,2024-03-10 15:36:00,Executiva,224.85
0177309415,2023-11-04 12:37:35,Primeira Classe,944.26
6589736235,2025-01-07 12:18:54,Economica,942.94
8341123029,2022-11-29 20:52:32,Executiva,2236.89
6399787270,2025-01-04 11:55:17,Executiva,263.2
0608788635,2024-12-25 17:26:38,Economica Flexivel,2206.53
6865318412,2023-06-15 03:09:16,Primeira Classe,1126.35
1626929971,2025-09-23 11:07:53,Primeira Classe,380.59
9014598106,2023-06-13 09:34:43,Executiva,1965.47
9218399985,2024-09-15 02:07:05,Primeira Classe,711.64
9083459454,2022-06-27 04:34:59,Executiva,358.11
2481241762,2023-04-12 10:46:22,Primeira Classe,1453.04
1418336599,2022-07-14 08:48:54,Economica Flexivel,1293.05
1461295823,2022-04-04 09:28:58,Primeira Classe,2613.83
5022584697,2025-03-18 12:53:56,Primeira Classe,1434.03
5212122686,2023-08-29 01:07:19,Economica,1442.06
5207146939,2023-10-04 22:52:55,Economica Flexivel,742.73
4797478535,2025-09-19 10:22:46,Economica Flexivel,734.84
1093519797,2023-02-16 11:57:47,Economica Flexivel,2383.56
0042263506,2025-03-11 13:27:54,Economica Flexivel,1541.35
1202746438,2024-06-14 14:51:04,Executiva,221.05
9118119700,2025-11-06 10:50:55,Economica Flexivel,2684.36
2869666969,2023-05-23 16:23:17,Primeira Classe,1198.78
5817353210,2025-03-12 00:36:36,Executiva,811.32
0741809796,2024-11-22 15:13:31,Economica Flexivel,2131.1
6725871798,2024-11-04 22:11:25,Executiva,267.12
2749566770,2024-10-30 03:32:37,Economica,724.35
7800168913,2024-02-29 13:30:20,Economica Flexivel,1489.73
7289698746,2025-08-16 16:18:05,Executiva,571.3
7425299321,2025-04-08 05:53:34,Executiva,915.35
7871455516,2022-04-19 18:08:45,Primeira Classe,707.97
2980058343,2024-04-21 01:26:02,Economica,1166.59
2095437551,2023-06-09 13:27:41,Economica Flexivel,2463.32
6432193036,2024-03-19 22:19:09,Economica,532.13
5993782390,2024-10-20 07:31:41,Primeira Classe,2332.46
8859037921,2022-05-21 05:35:21,Economica Flexivel,1114.92
0176971726,2024-10-23 19:39:38,Executiva,1226.61
2397516233,2024-09-28 08:55:23,Economica,623.65
2029572799,2025-11-15 07:05:32,Economica,1657.84
1837497753,2022-02-14 19:44:00,Executiva,356.82
7494614028,2024-12-24 07:01:53,Economica,991.92
3383614336,2022-01-04 19:16:26,Economica Flexivel,2136.94
9662676139,2025-10-04 10:50:47,Economica,1508.66
3147247996,2024-06-15 18:21:35,Executiva,200.96
4883829448,2022-03-20 03:33:18,Economica Flexivel,298.71
5896678223,2023-08-07 19:50:24,Economica,2895.44
2816551822,2023-06-06 02:42:13,Economica Flexivel,2759.03
3828493270,2024-10-19 22:45:33,Economica,1621.55
4840270708,2024-09-14 14:27:59,Economica Flexivel,2837.61
4672084965,2023-02-21 07:27:31,Primeira Classe,2195.29
7600403234,2022-06-26 21:49:23,Economica,1128.48
9330506119,2025-02-01 14:58:35,Executiva,965.19
6337722280,2022-12-28 03:22:20,Executiva,1118.44
3673356232,2022-04-03 21:59:33,Economica Flexivel,1308.36
9961319761,2024-01-16 22:16:38,Economica,619.79
7987094919,2023-04-17 09:24:31,Economica Flexivel,693.16
7463652254,2025-01-19 01:27:37,Economica,1875.18
0609886339,2023-01-31 21:04:49,Economica,1630.83
5120168396,2024-12-09 21:10:49,Executiva,2397.72
0223359270,2023-07-04 08:19:36,Economica Flexivel,2013.85
9194339708,2022-03-12 02:54:41,Primeira Classe,1671.36
7057709994,2023-04-20 11:07:46,Economica,1621.19
5374178784,2024-12-11 08:37:43,Primeira Classe,2638.66
9350635836,2023-10-02 01:59:49,Executiva,482.88
8735618663,2022-07-16 18:51:33,Primeira Classe,2652.21
3316943188,2025-04-23 17:11:18,Economica Flexivel,250.61
2060685230,2025-11-11 13:02:36,Economica,2103.29
1581741707,2022-10-28 14:43:31,Economica Flexivel,2169.7
6319165685,2023-08-18 09:58:29,Economica Flexivel,303.23
0101320442,2023-10-20 09:54:13,Executiva,2663.41
6506290617,2025-01-13 03:38:23,Economica,374.25
0853699348,2022-03-02 05:46:06,Primeira Classe,824.66
7144443429,2024-06-03 01:12:32,Economica Flexivel,1869.32
0747759499,2025-12-20 23:22:15,Economica,513.71
2574596617,2025-12-09 00:17:01,Economica,2627.07
8273890716,2023-03-09 03:39:03,Economica,466.45
4723653708,2025-05-02 08:21:42,Economica,2946.6
3523235170,2024-03-12 14:02:18,Economica Flexivel,433.39
8591123824,2024-12-13 21:26:11,Economica,2979.61
1084937115,2025-08-28 04:57:59,Primeira Classe,2379.28
0433902752,2024-07-09 02:25:12,Economica Flexivel,2342.55
1268247316,2023-03-18 21:57:44,Primeira Classe,1942.34
1024857328,2025-01-24 18:33:17,Primeira Classe,2232.33
1700877801,2022-11-21 15:42:55,Primeira Classe,961.75
9575537831,2022-01-30 16:53:53,Primeira Classe,1170.52
4360986041,2024-04-28 23:54:01,Economica,1309.08
5075167462,2024-07-31 09:03:11,Economica Flexivel,1086.98
7876142826,2023-11-17 01:04:28,Executiva,1972.28
0240436628,2025-07-19 19:19:50,Economica,2355.73
6611457984,2022-11-18 02:50:19,Executiva,1361.13
8196902441,2022-01-29 12:41:54,Economica Flexivel,2879.95
7055393817,2025-02-17 21:29:43,Economica Flexivel,884.02
8387755400,2025-04-20 20:16:26,Executiva,271.48
5301342037,2025-05-07 04:39:51,Economica,616.94
2896892079,2022-10-22 16:09:45,Primeira Classe,684.73
8407637629,2024-04-01 13:20:07,Economica Flexivel,697.14
0619407662,2022-07-12 23:09:40,Economica,783.1
7840021867,2025-03-18 06:39:38,Economica,1551.59
0830341927,2023-09-22 18:44:38,Economica Flexivel,1819.0
2809848874,2022-02-01 23:12:10,Economica,1728.87
8617568291,2023-04-29 00:30:46,Economica,1046.82
6203302236,2025-04-09 08:02:59,Primeira Classe,2899.47
9181651449,2024-08-29 14:11:57,Economica,1236.26
0610430246,2025-06-11 06:06:06,Executiva,350.8
2868678114,2025-02-23 15:10:02,Economica Flexivel,1531.79
3379852791,2025-10-22 18:42:28,Economica Flexivel,811.48
4847898893,2024-10-23 17:40:20,Economica Flexivel,1684.2
3001693142,2025-03-18 20:04:40,Primeira Classe,1910.78
7103675082,2024-03-01 03:00:19,Primeira Classe,2625.1
6986311842,2023-08-19 12:53:46,Economica Flexivel,2907.37
2802570331,2025-01-03 11:58:43,Primeira Classe,2155.41
3332609998,2023-01-21 07:43:47,Economica Flexivel,1864.38
1777021820,2025-11-19 02:48:03,Economica,730.25
4152155035,2024-01-25 16:35:07,Primeira Classe,2306.34
9337764121,2025-12-03 14:23:36,Executiva,373.78
8541450309,2022-11-28 14:50:40,Economica Flexivel,966.18
0670489646,2023-10-23 02:18:36,Executiva,373.83
5463650098,2022-07-25 15:52:09,Primeira Classe,1424.46
9615991597,2023-02-03 18:49:35,Executiva,1314.53
0269709479,2024-12-22 04:05:45,Economica Flexivel,599.9
6178896328,2023-07-22 05:12:18,Primeira Classe,2187.41
4719345247,2022-07-07 04:39:58,Primeira Classe,270.73
8648591309,2025-07-05 16:12:30,Executiva,405.38
0061987964,2022-03-14 03:48:41,Economica Flexivel,920.81
1063517419,2023-06-01 04:51:14,Primeira Classe,1974.21
8910435739,2023-11-09 05:51:37,Executiva,744.4
5221435055,2022-01-03 21:35:18,Primeira Classe,2735.52
8279126953,2024-04-21 07:46:22,Economica Flexivel,434.65
0355279150,2025-03-23 21:37:57,Primeira Classe,2276.74
7061946245,2023-03-29 02:17:28,Primeira Classe,2110.0
0557817471,2024-04-30 02:45:23,Economica,2211.57
2226074864,2024-02-18 04:52:37,Primeira Classe,1371.1
1353025810,2024-10-17 13:25:38,Executiva,371.32
1346673039,2024-07-21 03:48:26,Economica,1912.3
5673441568,2025-06-13 17:01:42,Economica Flexivel,2673.96
8889261315,2022-11-09 19:33:16,Economica,1731.76
8401365716,2023-07-01 09:42:43,Economica,1725.43
4102113266,2023-06-29 07:57:35,Primeira Classe,297.45
3913406263,2022-02-23 12:31:43,Executiva,1776.36
6717477202,2025-01-12 01:44:39,Economica Flexivel,2243.52
3061712232,2023-12-19 09:06:44,Economica,2622.0
0282981640,2022-02-14 20:07:59,Primeira Classe,1463.01
4022145927,2025-09-10 13:09:32,Executiva,769.72
1229222316,2024-04-17 22:29:40,Economica,1315.08
5687255141,2024-11-15 05:51:55,Primeira Classe,1841.41
6914305498,2025-04-30 07:14:11,Primeira Classe,2050.77
1553830296,2023-06-19 18:18:56,Economica,2108.69
9107685173,2024-02-24 09:20:18,Primeira Classe,917.11
9958482258,2022-02-03 03:19:48,Economica Flexivel,2170.66
0841554838,2024-11-10 00:15:51,Economica Flexivel,1427.6
5822287727,2025-06-02 19:09:02,Economica,2611.93
0153219807,2023-03-18 01:00:02,Economica,2000.55
2534247719,2024-01-09 07:53:18,Economica,1246.71
0419900438,2025-12-11 14:00:54,Economica,1114.44
6609908419,2022-01-05 18:21:14,Economica,1281.12
3827442540,2024-05-31 05:16:19,Primeira Classe,464.37
9312489216,2023-06-04 01:21:51,Executiva,2352.29
1624775713,2025-06-03 14:02:15,Primeira Classe,1042.7
2414014288,2022-03-13 02:01:54,Economica Flexivel,467.47
0719696887,2022-10-15 17:18:46,Economica Flexivel,1489.84
1989671039,2023-07-13 20:31:50,Economica Flexivel,244.64
1225370418,2024-03-13 08:01:04,Economica Flexivel,2875.12
4641915512,2025-03-10 19:25:38,Primeira Classe,1765.03
1485703956,2022-10-22 06:37:11,Executiva,2568.67
6045884639,2024-09-11 02:29:57,Economica Flexivel,2662.92
8744391374,2024-12-30 04:54:40,Primeira Classe,217.94
6098917795,2024-03-29 20:47:02,Executiva,1384.17
5812372373,2023-10-27 10:55:35,Economica,904.91
7309884892,2025-09-20 19:08:58,Economica Flexivel,2001.85
4693802034,2025-03-09 15:58:44,Economica,1112.04
5294118122,2024-04-06 10:18:24,Economica,2377.92
9523938002,2023-08-12 20:06:07,Primeira Classe,1440.66
7136158559,2022-04-06 08:52:44,Economica,2618.81
7487519392,2023-09-28 21:45:33,Primeira Classe,2139.07
5585454587,2023-05-16 16:03:57,Executiva,792.73
8971578556,2023-02-12 11:19:52,Executiva,2488.02
1993548777,2022-01-16 01:20:21,Economica,2431.96
9125387871,2023-07-07 06:30:00,Executiva,1516.77
8214280060,2022-09-06 16:19:42,Primeira Classe,1038.01
7125586848,2023-04-06 03:52:40,Economica Flexivel,1260.44
7284016582,2025-09-07 23:22:34,Economica Flexivel,2760.82
0728434385,2024-11-27 19:16:28,Economica,2534.04
1477373357,2024-12-09 19:09:45,Executiva,850.9
7238973936,2025-03-15 04:42:35,Economica,2492.01
7006055709,2024-03-19 15:01:50,Economica Flexivel,1489.62
0797730044,2025-12-06 05:03:14,Economica,887.25
7167684600,2023-11-19 09:47:47,Economica,1568.66
1986232050,2022-03-02 22:39:17,Primeira Classe,1627.8
5151872419,2023-04-24 10:12:19,Executiva,2626.72
8524596090,2023-10-23 09:08:26,Economica Flexivel,493.96
2649744499,2023-03-23 00:59:34,Executiva,1832.37
4928800664,2023-03-29 22:35:28,Primeira Classe,1301.76
7151776446,2025-11-14 22:49:02,Executiva,2516.06
8203010768,2024-04-11 12:40:25,Economica,1221.25
4492000356,2023-08-13 05:59:55,Economica,1270.08
0162588585,2024-05-15 20:56:50,Economica,1338.83
0200816845,2025-11-18 23:34:01,Executiva,1334.78
7204124413,2024-05-23 12:46:06,Executiva,238.89
3944346076,2024-09-18 00:02:14,Economica,1459.14
2682142907,2024-05-10 22:38:05,Primeira Classe,764.06
9728024819,2022-01-10 06:29:34,Economica,2208.31
7697034018,2022-11-03 10:57:49,Economica,234.45
3033834418,2024-10-09 08:10:34,Economica,1325.95
1230281118,2022-02-23 19:12:03,Executiva,1143.21
0871054760,2022-08-14 18:41:28,Executiva,2512.88
8683978257,2023-04-17 18:45:17,Economica,2585.67
4520034795,2023-04-09 04:43:01,Executiva,1414.81
6629445163,2023-02-17 01:08:55,Primeira Classe,870.73
7739981508,2025-03-18 16:20:58,Economica Flexivel,1960.94
0689795246,2023-10-27 09:45:21,Primeira Classe,2290.44
5928782853,2025-08-08 14:55:42,Economica,1940.1
0222261749,2025-08-04 10:33:30,Economica,1854.38
7947499047,2024-08-09 18:32:46,Executiva,2912.68
9768846038,2025-05-04 07:03:12,Economica,2034.38
5185048905,2024-04-21 14:48:05,Economica,1241.93
1893172368,2025-11-25 19:00:55,Economica,1062.57
0980195551,2022-05-27 01:20:49,Economica,736.11
0051708043,2025-02-23 02:53:03,Executiva,2538.17
7767086534,2022-02-15 23:15:27,Economica Flexivel,1263.54
4584582262,2022-02-07 20:13:40,Economica Flexivel,2985.77
6613193569,2023-10-11 00:33:21,Economica,270.59
9065648607,2024-11-19 23:56:40,Executiva,554.73
0571968775,2023-07-20 14:53:21,Economica Flexivel,2039.21
3833185929,2024-11-03 22:25:50,Primeira Classe,2451.8
7224924490,2024-05-22 11:26:19,Economica,2358.23
6484091609,2025-09-08 02:26:34,Economica Flexivel,1554.65
0232601542,2024-11-26 22:45:12,Executiva,2622.42
5806026914,2025-11-19 15:05:00,Economica Flexivel,1569.1
9922987759,2022-10-27 12:18:01,Executiva,789.18
3544673290,2022-05-17 05:13:27,Executiva,592.17
1114804800,2025-11-19 21:31:40,Primeira Classe,1661.54
7028407446,2025-01-06 21:53:48,Primeira Classe,656.24
8171039995,2022-12-29 14:53:54,Executiva,2629.7
0448293870,2022-09-11 18:02:27,Economica Flexivel,280.09
6338524008,2024-12-27 10:37:41,Executiva,2993.91
2481227336,2024-08-27 00:02:53,Executiva,1296.52
4463957168,2024-02-16 10:33:28,Economica,864.55
2384189832,2024-01-30 19:28:58,Executiva,1388.44
7176450145,2025-08-09 13:14:09,Economica,2547.47
7303917160,2023-01-27 23:52:43,Primeira Classe,401.77
9223759706,2022-03-22 01:48:48,Executiva,1570.32
7325867751,2025-07-25 13:15:08,Primeira Classe,2664.73
0744759773,2024-10-28 02:03:54,Primeira Classe,909.03
4061654616,2024-07-21 04:00:40,Executiva,1155.62
3523412692,2023-10-30 09:24:28,Executiva,1691.03
4236623633,2025-05-25 01:58:05,Executiva,1600.9
3670334467,2022-12-13 01:14:29,Economica,1638.88
4175444009,2023-04-02 09:25:31,Economica Flexivel,602.07
2810886024,2023-04-15 18:21:30,Primeira Classe,513.21
0947129499,2022-07-03 11:32:08,Economica Flexivel,1394.2
0517665549,2025-05-15 09:45:55,Economica,889.25
6178544790,2023-05-02 21:53:31,Economica,1206.38
3046792263,2024-09-03 10:24:38,Primeira Classe,1551.36
8943384378,2022-04-07 11:39:32,Economica Flexivel,955.54
9437982554,2025-08-22 08:36:53,Economica Flexivel,1454.09
0803108117,2022-02-25 13:40:27,Economica,716.43
0917129709,2024-06-15 17:43:01,Executiva,1082.78
5345898669,2024-09-23 21:37:03,Primeira Classe,479.4
3031638212,2023-02-16 03:58:16,Executiva,1574.24
1463302231,2023-08-28 12:37:31,Primeira Classe,2456.4
9380097255,2022-04-12 08:01:27,Economica,1190.8
6424758542,2022-12-02 04:42:02,Economica,593.18
5817236311,2025-05-22 21:42:39,Executiva,678.3
2626527084,2024-02-23 04:32:53,Primeira Classe,1138.16
5857365201,2024-03-18 06:59:35,Economica Flexivel,2363.73
3706467216,2025-12-05 17:20:06,Economica,1587.79
8779514820,2025-06-15 04:52:56,Economica Flexivel,1476.48
9447376126,2024-08-25 22:06:14,Primeira Classe,1302.87
5910599267,2025-08-24 07:11:53,Executiva,1974.68
4209613452,2022-01-10 10:26:48,Primeira Classe,824.66
5047251837,2022-05-21 11:03:58,Economica,755.25
1066777322,2024-07-19 08:05:03,Executiva,890.69
5339607887,2025-05-15 16:50:31,Executiva,1410.11
7374674120,2024-11-11 00:34:12,Economica,852.32
0886772435,2025-01-23 09:53:05,Economica,544.74
9915874251,2024-11-09 03:39:43,Economica,1987.01
7770240328,2025-08-11 07:12:40,Economica Flexivel,2258.84
0754878368,2024-08-04 10:41:44,Economica Flexivel,2762.76
6329082510,2022-04-08 04:13:08,Executiva,2541.41
1658848551,2024-10-28 00:20:05,Executiva,930.31
8455668458,2025-05-22 09:21:56,Economica Flexivel,1114.35
2025099134,2023-09-15 20:23:50,Executiva,2472.94
5271308332,2022-10-18 07:35:51,Primeira Classe,2672.2
8886092067,2022-08-04 09:01:05,Primeira Classe,701.46
8609036162,2025-11-24 23:40:12,Executiva,2059.27
8548220716,2023-09-06 13:57:20,Economica,512.91
9349012987,2024-09-11 18:49:09,Economica,2381.44
5140298112,2024-06-23 15:14:23,Executiva,2237.7
1803172266,2025-06-24 23:26:52,Economica,712.25
8382903495,2024-03-01 10:20:40,Executiva,1660.11
5982930431,2023-01-16 10:42:02,Economica,781.47
6478337111,2023-06-18 06:13:31,Primeira Classe,2921.66
7833154431,2025-02-14 18:24:53,Primeira Classe,2242.37
7731767493,2024-12-15 22:06:18,Executiva,2632.82
7471247436,2023-11-21 23:06:30,Executiva,238.4
7806499822,2022-07-22 09:10:45,Executiva,280.03
4546723288,2024-06-23 05:59:42,Economica Flexivel,1006.24
6736396336,2023-04-23 22:22:29,Executiva,847.98
3278368665,2024-10-31 10:44:37,Primeira Classe,1981.45
1737377802,2023-04-01 20:06:43,Economica,2230.01
4078494846,2022-04-14 08:17:54,Executiva,878.65
6964518282,2025-07-09 11:31:04,Economica Flexivel,1757.26
3606119275,2024-03-11 20:17:19,Primeira Classe,2069.23
6031068710,2025-07-07 02:38:11,Economica,2920.32
2019805375,2022-11-24 16:48:42,Economica Flexivel,2246.89
7245090033,2022-03-03 15:17:17,Economica,1301.67
0003187187,2024-02-22 13:15:26,Primeira Classe,2647.57
4211928805,2024-06-01 04:08:10,Economica Flexivel,499.38
7962647442,2022-09-26 22:16:26,Economica Flexivel,2694.67
6488601180,2023-12-14 14:15:38,Executiva,2037.39
3737016062,2025-06-14 02:47:14,Economica Flexivel,1745.51
3434537007,2022-02-23 00:07:31,Executiva,1900.07
1479588571,2025-10-31 06:57:51,Economica,1058.79
0094283176,2024-04-23 04:24:35,Economica Flexivel,1172.1
7643966435,2025-07-02 18:00:23,Primeira Classe,1688.61
8459135047,2022-06-25 05:43:57,Primeira Classe,2056.32
0265252679,2025-07-27 06:41:30,Primeira Classe,1072.97
5644830535,2025-12-18 19:42:42,Primeira Classe,1101.96
7088117630,2025-05-29 12:21:06,Economica Flexivel,2957.67
7708596920,2024-04-07 09:34:29,Economica,2972.33
4842315040,2023-11-07 10:32:21,Primeira Classe,2060.14
3556212536,2024-05-12 21:31:11,Economica,231.38
2887124374,2022-05-07 00:28:04,Primeira Classe,1392.97
2755215763,2025-05-12 02:29:42,Executiva,2269.52
9216154977,2024-02-22 14:32:53,Primeira Classe,2158.46
6889497422,2025-10-22 18:24:06,Economica Flexivel,1521.76
8962680653,2023-10-09 22:22:17,Executiva,2889.95
1508755213,2025-09-30 20:51:36,Economica Flexivel,1360.7
4154930583,2022-04-06 06:40:07,Economica Flexivel,1927.07
7037665711,2024-03-24 08:48:00,Economica Flexivel,1928.87
8729023351,2025-08-15 23:49:00,Executiva,669.16
7297644692,2024-08-23 19:28:07,Executiva,2774.97
8309750552,2025-07-26 02:28:59,Executiva,729.62
6918482890,2024-07-12 17:15:38,Primeira Classe,758.75
0938371339,2022-05-12 02:13:10,Executiva,1531.84
1368408346,2023-02-18 00:32:15,Economica Flexivel,1624.86
3625139189,2025-09-18 13:13:41,Economica,2524.08
0743419782,2024-05-07 17:35:24,Primeira Classe,2942.21
7778341026,2022-11-01 01:44:48,Primeira Classe,2349.66
5534841435,2025-12-18 17:00:33,Executiva,1550.6
6403796151,2023-01-26 19:08:55,Primeira Classe,1892.43
5425391587,2023-10-02 11:04:52,Executiva,1952.2
6822939865,2025-12-24 15:57:18,Economica,1074.3
4770429959,2023-01-19 15:16:31,Executiva,2043.81
4087754707,2024-09-01 08:49:11,Economica,1706.06
8828262680,2025-08-19 07:56:31,Economica,1874.61
1252176368,2023-04-28 08:54:10,Primeira Classe,1916.68
0248893505,2022-01-23 00:41:54,Economica,1447.44
8235098164,2024-02-08 14:43:57,Economica Flexivel,2118.2
4598481609,2023-08-02 17:12:01,Executiva,805.62
3543510231,2025-05-01 02:05:30,Primeira Classe,2699.3
6868781806,2025-12-18 14:21:21,Economica Flexivel,1529.92
3819823433,2025-01-30 23:08:17,Executiva,1662.3
0582343534,2023-07-31 03:50:04,Economica Flexivel,2105.64
9368226024,2024-10-22 10:28:07,Economica,2163.61
5191092945,2024-04-01 16:07:38,Economica,1969.91
8496845567,2023-07-05 14:51:30,Executiva,2066.61
2991486562,2022-08-24 22:48:22,Economica Flexivel,749.25
8570902700,2022-01-31 12:59:20,Economica Flexivel,2990.45
6197949768,2024-11-24 15:36:47,Executiva,359.4
6673375914,2025-01-28 10:17:07,Economica Flexivel,350.42
8903041763,2022-12-06 02:28:05,Primeira Classe,1330.64
7774663436,2023-03-01 09:04:35,Economica,624.4
0570860695,2024-04-07 05:29:01,Executiva,1876.55
4151161465,2025-10-22 11:53:16,Primeira Classe,693.76
2566516189,2023-03-20 07:31:28,Economica,2921.27
9740791042,2023-09-21 21:50:10,Executiva,2474.84
5703884721,2024-12-26 07:51:51,Primeira Classe,2432.86
9791657599,2024-03-08 10:24:36,Executiva,2509.7
2058864735,2025-05-29 13:14:16,Economica,548.68
4797373067,2024-08-04 15:32:55,Economica,2501.59
4261623056,2023-07-24 11:03:26,Executiva,2504.31
4611717283,2025-04-11 02:19:02,Executiva,590.26
8683206971,2024-03-27 03:26:19,Economica,2335.92
7726811064,2025-01-18 09:16:59,Executiva,431.21
7974425180,2024-12-24 16:07:06,Primeira Classe,760.26
7533655176,2023-10-13 10:17:04,Economica Flexivel,1876.12
2854370414,2025-03-30 11:24:45,Economica,1278.38
4682132482,2023-04-30 10:08:51,Primeira Classe,764.82
1554494974,2025-04-14 03:00:28,Primeira Classe,1635.55
6128849865,2023-06-19 07:18:04,Primeira Classe,2215.03
7951816280,2025-09-10 02:57:23,Executiva,2673.88
3437570234,2023-08-09 12:30:24,Economica Flexivel,1302.94
3187445772,2023-05-19 13:30:54,Economica,826.46
5152381214,2023-04-23 17:27:26,Executiva,2969.73
8789953266,2024-02-16 05:30:22,Economica Flexivel,316.17
1026721598,2024-05-09 20:55:41,Executiva,379.79
8999175596,2025-09-05 04:17:10,Executiva,831.51
2607014565,2024-02-01 17:20:08,Economica,1275.48
6357603996,2025-12-05 12:41:30,Economica,998.05
3686037386,2024-07-23 23:32:50,Economica Flexivel,263.83
9838879789,2025-02-06 04:38:01,Economica,622.55
9199544261,2023-06-12 19:17:59,Economica Flexivel,1537.51
9264909060,2024-12-24 17:34:11,Economica,1912.66
2834652481,2022-10-04 21:17:32,Primeira Classe,455.44
5889346326,2022-12-30 00:10:42,Economica Flexivel,2304.53
7519141349,2022-05-06 17:57:12,Economica Flexivel,1252.98
0436999242,2023-08-15 10:28:31,Economica,1870.25
1283892642,2024-06-14 11:33:53,Primeira Classe,1739.47
5270224925,2024-04-13 04:31:26,Primeira Classe,628.43
0337581762,2023-05-21 02:53:02,Economica,2091.81
0564351601,2025-04-03 03:10:06,Economica Flexivel,2205.8
9580797242,2022-11-25 00:35:09,Economica Flexivel,1556.21
0089258851,2023-02-02 20:45:46,Economica,2112.51
3160004511,2024-07-13 04:29:46,Primeira Classe,1586.72
2724869931,2023-02-14 19:56:04,Economica,1428.47
0318750309,2022-07-18 13:03:49,Executiva,2188.89
5067117354,2022-02-18 22:25:54,Primeira Classe,287.21
0951826654,2025-02-05 02:22:05,Executiva,2433.28
0613787102,2022-12-22 07:58:46,Executiva,960.88
6267671410,2025-07-14 07:06:38,Economica,1777.17
5249636799,2025-07-15 14:38:30,Primeira Classe,2933.58
3009405529,2024-09-02 07:57:26,Primeira Classe,1183.82
3797982275,2025-09-22 17:41:12,Economica Flexivel,793.36
4886010709,2023-06-21 03:49:42,Economica,994.76
4361293538,2025-08-01 00:54:07,Primeira Classe,1173.56
2284567053,2024-04-07 22:46:01,Primeira Classe,332.71
7441970229,2023-11-27 14:26:49,Economica,2325.06
9979781297,2024-06-22 01:19:10,Economica,2534.22
0321021975,2022-04-16 09:04:05,Economica,2865.12
1239048998,2024-10-05 07:33:59,Primeira Classe,2586.77
7752629111,2023-05-18 11:07:11,Primeira Classe,1767.57
1106158148,2024-06-15 17:37:09,Economica Flexivel,2674.41
3022095368,2022-07-21 20:13:50,Economica,2219.3
0793886368,2024-02-15 05:09:57,Primeira Classe,2518.93
4453341687,2022-01-19 05:01:40,Primeira Classe,1235.09
3536584101,2022-11-09 02:38:06,Economica,637.83
6860522747,2022-08-26 07:13:24,Economica,863.14
7852577563,2023-11-01 21:33:37,Executiva,917.42
2477034383,2025-09-29 15:11:01,Economica,1813.29
3880268576,2025-05-14 17:13:14,Economica,2504.05
9323630160,2024-07-16 14:25:59,Economica Flexivel,1742.92
2494523168,2024-09-22 14:28:45,Executiva,2959.8
8098962504,2024-09-24 15:46:47,Primeira Classe,2671.26
5247330544,2022-10-13 05:54:32,Executiva,202.72
8968267464,2024-10-17 14:59:33,Economica,826.74
5345396752,2023-10-10 09:46:37,Economica Flexivel,2866.01
0028233298,2022-08-10 04:48:26,Economica Flexivel,1642.21
4604190844,2022-04-03 12:15:51,Economica Flexivel,2616.38
1869875141,2024-11-11 01:09:29,Primeira Classe,515.1
2693569966,2023-04-05 05:12:58,Executiva,1450.12
4784357882,2025-02-11 15:28:16,Economica Flexivel,1689.47
1636435807,2022-11-20 20:42:56,Primeira Classe,299.32
4333895669,2024-12-02 09:27:44,Executiva,1695.86
0951601717,2025-09-11 09:28:26,Primeira Classe,1434.63
4198972850,2023-01-23 16:32:58,Primeira Classe,2079.7
6469779964,2024-12-04 01:12:16,Executiva,2600.97
1908676671,2022-05-14 00:22:38,Primeira Classe,2308.34
6833856133,2024-02-08 02:44:21,Primeira Classe,287.95
5589543525,2023-10-19 02:01:36,Primeira Classe,1795.63
1604298006,2023-02-17 18:32:55,Primeira Classe,727.1
8735441925,2023-10-22 04:15:13,Economica Flexivel,2735.69
4280166110,2022-07-21 00:44:19,Economica Flexivel,2402.83
8711712678,2024-01-20 22:38:01,Primeira Classe,973.42
0548098514,2022-09-30 03:09:30,Economica Flexivel,1073.79
7875263840,2023-05-21 13:45:46,Economica,2039.45
4950344501,2022-04-30 03:19:53,Economica Flexivel,890.5
2728560811,2025-03-06 08:57:48,Economica Flexivel,2738.71
2894830858,2023-10-25 16:51:55,Economica,662.85
6178667752,2022-08-27 13:55:28,Economica,2168.34
5818117510,2022-09-21 01:51:46,Economica Flexivel,2144.87
4381643364,2022-02-03 08:49:07,Economica Flexivel,2565.19
1156588464,2025-06-13 20:00:40,Primeira Classe,640.2
9114809508,2024-03-14 15:14:20,Executiva,2877.08
2980191779,2023-08-18 10:22:41,Economica,1038.05
5492357409,2025-10-07 21:08:33,Executiva,213.93
0492864675,2022-07-26 14:57:09,Primeira Classe,2303.2
5667861704,2023-05-07 11:44:07,Primeira Classe,2698.3
6454989372,2025-04-04 00:33:17,Economica Flexivel,1626.96
9332046816,2024-06-23 17:29:47,Economica Flexivel,2221.7
5572821365,2023-07-26 02:39:14,Executiva,654.06
9013708811,2025-11-28 02:19:01,Economica,1274.04
9386006774,2024-03-22 14:58:10,Primeira Classe,366.62
6307356855,2022-05-25 21:35:34,Economica,2317.15
0798677902,2023-11-19 17:52:53,Economica,2283.46
4825969135,2022-05-30 13:41:22,Executiva,2408.42
3841437095,2023-11-27 07:45:20,Executiva,492.87
9011096495,2023-05-02 13:09:02,Economica,1659.65
4519119030,2022-09-17 05:27:19,Primeira Classe,459.33
9872867488,2025-03-16 03:59:56,Executiva,2919.19
0899278663,2025-10-08 04:02:04,Economica,481.56
2933850842,2022-09-18 07:47:25,Economica Flexivel,2706.53
3507817128,2023-06-24 22:07:13,Executiva,1433.42
3958070892,2023-07-15 21:33:46,Economica,1176.78
1208107445,2024-08-29 20:20:44,Executiva,1633.67
8978782094,2023-05-05 14:53:33,Economica Flexivel,1183.7
5266379588,2022-12-23 01:18:49,Economica Flexivel,1407.49
5584242934,2024-05-24 12:47:04,Primeira Classe,2400.57
4750863858,2025-11-11 01:56:20,Economica Flexivel,1435.4
3660106267,2024-03-29 10:14:01,Primeira Classe,2741.44
0945036930,2024-12-21 02:35:33,Primeira Classe,2432.63
0756534690,2024-02-09 18:54:44,Economica Flexivel,2691.47
9971988801,2025-01-28 14:10:20,Economica Flexivel,249.1
7059864520,2025-06-20 08:04:25,Executiva,2612.33
1137339748,2025-02-20 03:01:49,Executiva,596.71
1390633063,2022-04-20 21:37:00,Economica Flexivel,2793.38
0943174694,2022-10-19 20:31:55,Primeira Classe,687.85
0358581400,2025-10-11 20:38:01,Executiva,2189.61
5220643142,2022-04-20 03:17:34,Economica,1574.55
9824090460,2023-08-10 09:57:59,Primeira Classe,2739.86
8856218976,2023-09-28 22:14:36,Economica,1607.83
8541578925,2024-07-13 05:45:55,Executiva,2671.7
3363069782,2023-09-02 19:54:17,Economica Flexivel,2827.17
4440047629,2024-11-04 20:28:21,Primeira Classe,2974.09
0743207106,2023-02-07 17:59:38,Executiva,2076.51
5923120283,2022-07-31 09:24:13,Economica,2180.0
3852648858,2025-02-09 11:46:48,Primeira Classe,1338.84
7722966985,2022-04-15 17:24:52,Executiva,1352.66
7991223752,2023-04-17 14:27:33,Executiva,1904.94
0558686818,2022-10-11 21:40:42,Executiva,747.12
7536147023,2022-10-15 13:10:45,Executiva,1700.8
6455856295,2022-03-12 03:07:51,Economica Flexivel,1426.39
4137193975,2022-01-30 10:04:33,Primeira Classe,1550.72
6344029072,2023-11-28 17:01:06,Economica Flexivel,1419.4
0817361103,2024-09-27 17:45:38,Executiva,846.77
5225700268,2023-01-07 18:06:26,Executiva,1905.65
2883699453,2024-06-05 20:28:55,Executiva,990.24
9856634741,2024-05-11 23:07:58,Economica,2857.89
4205038143,2024-12-19 22:25:42,Economica,1566.52
5703891787,2024-03-27 08:01:24,Primeira Classe,556.43
1447559916,2023-07-06 22:09:12,Economica,873.61
8150347046,2023-03-17 14:16:17,Primeira Classe,2243.09
2169306447,2025-12-22 12:39:51,Executiva,2726.42
7307774925,2025-12-02 08:26:26,Primeira Classe,2685.22
1611667089,2023-08-31 15:49:53,Primeira Classe,2787.12
0863689930,2024-07-20 06:30:11,Economica,1974.33
8957839879,2024-08-20 12:10:14,Economica Flexivel,1145.85
1369652801,2025-07-28 10:20:09,Primeira Classe,1631.93
9617053233,2023-09-01 10:16:05,Executiva,2862.39
7629148801,2023-01-18 09:10:44,Economica,1755.0
6576025521,2024-06-20 12:22:48,Primeira Classe,1842.06
4537362901,2025-08-23 06:52:47,Economica Flexivel,1182.59
5250132243,2023-08-26 06:58:17,Executiva,794.2
9773922839,2022-06-02 21:39:44,Economica Flexivel,1216.7
5712400219,2023-01-31 18:19:36,Primeira Classe,1172.76
7473214721,2024-08-02 20:29:14,Economica,2829.26
7694379553,2023-03-13 17:11:20,Economica,1239.95
5137367338,2025-09-01 06:52:12,Executiva,1841.13
8846089758,2023-06-16 21:37:15,Primeira Classe,1430.13
4021546634,2025-10-08 05:04:25,Economica,2883.19
2334374504,2025-05-27 08:33:08,Primeira Classe,2902.71
0238048187,2024-03-15 18:18:25,Executiva,2572.94
0910311757,2022-06-05 00:57:11,Economica Flexivel,566.93
8718074367,2023-10-22 23:46:56,Primeira Classe,2772.95
8028763839,2025-09-19 13:29:32,Economica Flexivel,322.25
0052825426,2022-07-09 17:16:48,Economica Flexivel,2390.67
1197091882,2024-08-04 21:10:27,Economica,1501.38
1303019914,2022-08-31 15:03:14,Primeira Classe,1893.58
4270592842,2022-12-31 08:19:47,Executiva,450.76
6391416958,2025-05-21 20:12:34,Economica,982.86
1973126435,2023-03-23 23:32:16,Primeira Classe,545.33
1296378071,2022-05-31 19:22:10,Executiva,346.07
4803327300,2023-09-29 19:47:24,Economica Flexivel,789.23
4478230455,2022-07-01 19:32:30,Economica Flexivel,1102.5
1049154118,2025-09-26 22:39:17,Executiva,1464.52
5934705105,2023-03-14 03:35:38,Economica Flexivel,1858.92
0671441116,2022-11-24 22:38:30,Primeira Classe,2018.69
7144799126,2024-12-17 04:40:29,Primeira Classe,2528.9
3923987773,2023-03-14 09:44:01,Economica,1707.07
1199792624,2022-01-20 15:28:59,Primeira Classe,819.46
9917170480,2022-12-18 14:46:24,Executiva,2231.18
6710192571,2024-01-25 06:10:50,Primeira Classe,1889.25
2457023173,2023-08-11 21:00:46,Economica Flexivel,377.39
8183927734,2024-10-06 00:58:41,Executiva,995.98
8596852190,2024-11-08 08:34:14,Primeira Classe,2347.02
2664876252,2025-05-17 08:01:11,Economica Flexivel,1620.94
7705322625,2025-10-12 20:48:08,Economica,1020.06
6396608774,2024-05-31 10:34:57,Executiva,2660.36
5067156309,2023-07-29 06:56:59,Primeira Classe,2527.32
6720600567,2023-10-08 08:24:17,Primeira Classe,1295.11
7646617946,2025-01-09 21:56:20,Executiva,2925.75
4243517584,2025-05-25 11:22:44,Executiva,235.12
7871219758,2023-05-01 06:05:24,Primeira Classe,1178.48
0289190851,2024-01-05 02:19:33,Economica,1814.0
1610201647,2022-12-10 18:31:06,Executiva,778.58
3913705376,2025-10-19 15:53:31,Economica Flexivel,1696.07
4320505204,2025-10-02 05:06:08,Primeira Classe,2762.98
1102936812,2024-10-22 09:15:15,Primeira Classe,398.25
7919749123,2025-10-05 14:29:18,Executiva,2530.26
3585916813,2024-08-21 16:58:52,Primeira Classe,372.39
1145904955,2024-09-12 16:47:50,Executiva,2957.55
9963838200,2022-03-31 16:11:01,Economica Flexivel,568.57
6924242901,2025-09-30 18:16:22,Executiva,1400.24
3077387387,2025-07-24 09:34:12,Primeira Classe,1476.72
8412813022,2022-09-09 16:04:49,Primeira Classe,1708.94
8109239978,2022-02-20 23:38:51,Primeira Classe,354.71
5070641026,2023-02-14 16:12:20,Economica Flexivel,620.02
0242561799,2023-10-15 19:08:25,Economica Flexivel,2187.28
0169794911,2025-03-15 11:25:13,Economica Flexivel,2804.56
4083703865,2024-10-20 23:12:30,Executiva,2382.5
9125599577,2025-01-02 17:13:01,Economica,938.41
3572455774,2022-05-13 11:05:29,Primeira Classe,886.18
4487844045,2024-04-17 00:59:00,Primeira Classe,1951.97
7116695966,2022-03-31 22:09:11,Economica Flexivel,566.08
9965061793,2023-04-23 17:03:21,Economica Flexivel,920.68
7216838572,2025-02-03 01:02:51,Executiva,648.74
0523238991,2025-09-02 08:53:01,Economica,1574.36
2184747181,2022-11-17 05:15:55,Economica Flexivel,1728.99
4887985177,2022-05-06 08:06:35,Economica Flexivel,1326.06
1081452730,2023-10-15 06:50:23,Primeira Classe,513.17
1578707684,2024-11-20 01:20:07,Economica Flexivel,2033.28
8962141957,2023-01-18 15:18:16,Economica,1566.45
1995332518,2024-06-11 03:51:36,Executiva,1327.82
6267757668,2023-02-13 00:17:36,Executiva,474.78
9536565838,2023-02-01 00:48:32,Economica,2106.65
2659622213,2024-04-07 01:12:27,Primeira Classe,703.21
9524757230,2022-07-18 11:18:24,Executiva,2643.38
4686720087,2023-05-22 18:47:16,Economica Flexivel,1920.17
5150259144,2025-11-30 01:53:45,Executiva,1441.74
1820617653,2024-02-10 23:42:08,Economica,1270.95
1116297590,2025-07-06 06:27:57,Economica,810.49
6606225272,2025-12-13 16:47:53,Economica,2053.2
7897522563,2024-04-18 06:25:01,Economica,1064.97
5755443076,2025-10-16 20:30:49,Economica,386.29
2748247973,2024-10-14 08:34:54,Executiva,1878.75
1696621968,2024-03-01 13:08:18,Primeira Classe,2158.26
9236920551,2022-09-06 01:11:25,Economica Flexivel,2782.67
0342473492,2024-07-11 01:45:28,Executiva,1768.25
1387873415,2023-01-02 04:39:41,Economica,1876.58
5290724966,2024-07-09 07:08:39,Primeira Classe,1567.16
1260536408,2025-10-11 21:35:14,Economica,814.83
4786588490,2022-02-01 04:59:05,Economica,1231.65
0562415904,2024-09-01 09:22:55,Economica Flexivel,1092.0
3829406703,2023-07-20 11:14:20,Economica,1104.59
2597334619,2024-02-11 05:52:46,Economica,2963.38
8538852043,2024-01-02 06:56:07,Executiva,1214.02
4201788547,2022-09-02 00:48:39,Economica Flexivel,2673.93
3293356796,2025-07-04 02:46:44,Economica,1881.34
2547062224,2022-07-04 20:33:30,Economica,2590.51
0785675558,2022-03-10 13:00:43,Economica Flexivel,1921.94
1268701351,2023-09-07 13:42:11,Executiva,599.62
2019009595,2025-11-11 16:35:07,Executiva,635.99
1680673394,2024-03-02 06:41:05,Executiva,2453.41
9730661065,2024-03-15 14:30:00,Economica Flexivel,974.34
6817209234,2024-03-22 04:00:24,Primeira Classe,2092.74
2536157636,2024-01-15 15:55:00,Executiva,2652.98
1025972368,2022-09-17 18:22:51,Economica,1461.08
4336711828,2023-07-09 00:38:57,Economica,963.37
6924795226,2025-09-23 13:37:41,Economica,410.26
2293488888,2023-04-12 17:00:52,Economica Flexivel,746.87
9394349324,2025-04-03 10:34:38,Economica,1120.29
4993320612,2024-07-08 22:12:42,Economica,2878.78
4339009040,2022-04-05 17:46:59,Executiva,2640.76
3816404421,2024-01-11 00:15:35,Executiva,1324.36
4013726394,2022-09-08 16:24:50,Economica Flexivel,2012.77
0379621355,2022-08-29 08:35:55,Economica,1307.82
4015117956,2023-12-30 10:09:52,Executiva,844.88
1360447474,2025-09-10 20:56:37,Executiva,2331.32
7212828777,2022-10-12 04:03:42,Primeira Classe,565.72
8381112281,2024-09-05 19:33:41,Primeira Classe,2249.09
2522758802,2024-02-04 15:33:54,Economica Flexivel,2164.42
4244536094,2024-10-16 19:43:58,Executiva,2972.38
8943228600,2023-01-18 19:03:05,Economica,428.12
2384176331,2024-08-03 02:30:29,Economica Flexivel,1020.87
1603142266,2024-10-31 20:27:08,Primeira Classe,1364.01
5709789798,2023-10-28 19:49:42,Economica,2326.04
1549932942,2022-03-14 22:40:28,Primeira Classe,1982.78
8062915298,2022-03-18 17:37:12,Economica,737.66
0930752902,2025-02-22 10:20:40,Executiva,2685.85
8255190651,2023-04-06 07:58:49,Economica Flexivel,1100.84
2168961832,2022-11-24 01:56:37,Economica,1451.5
6767220264,2023-09-30 03:12:44,Primeira Classe,2092.31
4150971080,2024-05-29 18:07:53,Economica,2511.82
5614662456,2024-07-15 17:11:15,Primeira Classe,2523.43
6185407655,2023-01-08 11:59:24,Executiva,2225.25
5574202824,2023-06-15 22:50:33,Primeira Classe,1665.12
4186023050,2022-01-07 10:14:54,Economica,2148.3
1914352777,2025-08-13 10:08:43,Primeira Classe,1064.94
6453692104,2022-12-03 23:13:25,Primeira Classe,1484.43
4694968653,2023-01-21 15:23:38,Economica,2700.31
3451074664,2024-08-10 00:16:46,Executiva,659.62
8033171987,2023-07-24 10:25:55,Economica,2378.02
1136531777,2025-06-03 03:15:42,Executiva,2365.31
5758816256,2023-11-15 09:17:47,Primeira Classe,2109.82
8495021846,2025-08-04 16:05:10,Primeira Classe,987.72
0087565617,2022-12-29 17:21:00,Economica Flexivel,1344.59
7546250315,2024-01-12 11:32:32,Economica,2869.87
7850982738,2025-11-01 05:55:11,Economica,2939.47
4033282157,2023-03-26 04:27:54,Economica Flexivel,1697.66
0409368865,2023-05-15 02:19:44,Executiva,215.9
7912732705,2024-09-21 02:58:33,Primeira Classe,2728.28
0057871396,2024-07-30 18:38:46,Primeira Classe,1361.65
1062099303,2024-05-02 11:41:11,Primeira Classe,1266.24
0889078769,2025-12-30 08:59:15,Executiva,2395.11
7599281010,2022-02-17 20:35:02,Economica,1271.64
5159138277,2023-01-28 00:09:37,Primeira Classe,298.69
1151960128,2023-09-28 09:04:56,Economica,1509.92
2764697228,2022-01-23 20:23:22,Executiva,316.68
9804219042,2023-08-11 09:59:58,Primeira Classe,2472.64
8701945971,2023-12-05 23:39:56,Executiva,1383.77
8807257483,2022-12-25 14:35:45,Primeira Classe,2999.18
4398613838,2024-09-06 00:46:02,Primeira Classe,2935.46
2076724419,2025-10-06 06:50:39,Executiva,2374.75
0204451310,2025-09-13 06:20:36,Economica,1346.87
0442781679,2024-09-10 07:25:35,Executiva,2394.55
1475775024,2022-03-13 07:43:31,Executiva,2516.55
5698867860,2022-06-04 05:49:10,Economica Flexivel,887.55
9095761568,2024-02-27 05:45:12,Primeira Classe,2667.4
5974680847,2024-03-22 05:56:32,Economica,2018.14
7403923030,2022-01-25 20:26:31,Economica Flexivel,2108.73
3128382204,2023-02-28 01:11:29,Economica,1406.6
0699366925,2024-08-07 22:08:12,Executiva,2110.69
6454764001,2025-03-19 14:25:03,Economica,813.61
9002080921,2022-05-20 19:02:22,Executiva,2903.61
6141859062,2023-11-29 03:26:04,Executiva,1157.65
1578228441,2024-05-05 01:36:29,Economica Flexivel,1569.33
5449666365,2023-04-22 19:40:00,Executiva,1678.98
7375910162,2024-12-27 16:46:07,Economica Flexivel,2062.71
9461070535,2024-01-23 17:59:24,Executiva,422.52
5496652189,2025-04-09 07:48:00,Economica Flexivel,845.83
7496418560,2024-08-16 05:08:24,Economica,281.02
7072391517,2024-11-27 02:15:28,Primeira Classe,510.61
2401434801,2025-07-14 10:26:08,Primeira Classe,2492.1
8858008952,2024-04-28 15:28:57,Economica,1248.39
0249140160,2023-08-05 15:44:45,Executiva,2068.74
5047706699,2023-08-29 18:07:14,Economica,2989.58
4829721847,2024-04-21 06:58:50,Executiva,2460.03
2867451205,2024-09-28 12:33:09,Primeira Classe,2540.15
8373094016,2022-01-25 22:43:19,Economica,1143.47
7706067017,2024-10-25 19:28:17,Economica Flexivel,341.16
0276265688,2022-01-17 14:12:40,Executiva,1805.91
1377385590,2024-12-22 23:49:15,Economica,1066.39
6359254697,2024-03-13 22:22:14,Economica,510.49
0936375515,2022-08-28 10:23:50,Primeira Classe,1346.85
9032142003,2022-09-12 04:53:33,Economica Flexivel,591.69
4169649575,2023-04-08 03:05:31,Economica Flexivel,645.02
1979045674,2025-12-27 10:49:47,Primeira Classe,2965.62
4006278802,2023-11-11 00:12:11,Primeira Classe,2164.04
9702536987,2023-06-25 22:37:18,Executiva,705.44
2981417258,2025-06-29 01:31:54,Executiva,1608.89
9705033633,2025-11-25 16:02:01,Executiva,656.07
5913380126,2024-05-08 10:06:25,Primeira Classe,498.02
7285376175,2025-10-29 00:20:59,Economica Flexivel,1164.0
4554307379,2022-08-13 18:55:07,Executiva,1940.14
2826312170,2025-06-09 03:21:03,Economica,1057.65
7238826348,2025-09-06 11:57:13,Economica,1848.13
1807252477,2023-04-14 00:31:13,Executiva,2698.43
7855855939,2023-01-11 15:08:26,Primeira Classe,2848.18
6728011994,2025-08-27 19:55:48,Economica Flexivel,1705.91
9020423428,2023-10-20 13:19:16,Economica Flexivel,2193.56
7341843578,2022-05-14 06:43:37,Economica Flexivel,1396.76
9155423876,2025-04-01 13:56:39,Economica,1450.87
1910494674,2024-07-15 23:24:51,Economica,779.84
0226674924,2023-12-19 13:55:11,Primeira Classe,2045.34
7261647063,2024-05-07 05:38:43,Economica,1735.52
8531586593,2023-01-05 18:04:58,Economica,2178.94
4745381263,2023-10-25 19:47:16,Economica,1606.44
9863800538,2025-10-22 19:22:29,Economica Flexivel,1852.67
2722549514,2025-06-20 13:11:37,Economica Flexivel,2673.82
0431216932,2022-03-22 15:48:03,Executiva,1111.85
5836458677,2024-02-02 02:43:56,Economica,691.5
5784440748,2024-10-12 13:27:19,Executiva,1374.01
6873062715,2023-01-24 21:30:37,Economica,2181.34
3563356904,2025-07-05 11:50:14,Economica Flexivel,1555.4
4604507422,2023-04-20 05:18:26,Primeira Classe,2175.6
5206812250,2025-11-24 04:54:44,Primeira Classe,1121.15
7096635300,2024-11-25 21:04:29,Economica,879.8
5387255251,2023-02-17 04:45:53,Economica,1195.13
4180685078,2025-08-22 18:46:06,Executiva,600.6
7176161615,2023-06-29 22:24:09,Economica,533.28
0870750100,2023-05-15 08:35:29,Primeira Classe,227.73
4138226125,2025-02-01 07:54:55,Executiva,1667.74
6766339888,2023-08-24 13:22:26,Executiva,2064.25
5108189834,2025-03-31 08:13:59,Primeira Classe,2885.64
9083135772,2022-04-12 12:14:28,Executiva,527.82
1855902494,2024-04-27 10:26:18,Economica Flexivel,1300.14
4431434135,2025-04-05 21:27:36,Economica Flexivel,2847.59
5459558131,2023-01-19 23:08:52,Executiva,1996.18
6273526931,2022-03-21 05:43:44,Economica Flexivel,554.83
4286770524,2022-08-12 16:32:24,Executiva,2398.3
2938285620,2023-10-06 21:41:53,Executiva,2502.03
6233079888,2024-07-21 09:15:44,Primeira Classe,1825.26
3547202647,2025-09-17 14:19:57,Executiva,2891.15
4536432140,2023-03-17 14:01:18,Executiva,269.06
1576197794,2023-04-25 21:06:02,Economica Flexivel,2054.28
1009517929,2023-04-24 09:12:10,Economica,1278.24
8555803578,2022-08-20 06:53:47,Economica,2678.73
2808088639,2022-03-18 17:26:14,Primeira Classe,2087.9
5627122269,2022-10-10 21:18:25,Economica,2364.68
7552229772,2022-12-05 09:38:03,Primeira Classe,1920.57
4458537946,2022-06-07 00:44:01,Primeira Classe,1710.62
9057448718,2025-07-08 12:11:45,Primeira Classe,813.72
5727605210,2025-08-01 13:19:12,Economica,805.25
4534272901,2022-04-01 19:24:20,Economica,2161.54
2161494007,2025-03-15 09:49:05,Economica,1286.09
9363670287,2023-01-01 06:02:13,Economica,908.39
7096265260,2023-07-30 05:36:13,Economica Flexivel,1634.03
8167107841,2025-04-23 01:38:26,Economica Flexivel,1557.59
8186561781,2024-11-26 06:18:21,Primeira Classe,229.68
5195152500,2025-01-22 05:49:03,Economica Flexivel,703.1
9390121183,2025-01-14 00:27:50,Economica,2642.08
7393625423,2023-01-31 02:31:51,Economica Flexivel,1772.56
6115481953,2025-05-09 11:22:22,Economica Flexivel,554.48
3401687174,2024-08-05 13:13:40,Economica Flexivel,2580.0
7631584729,2022-04-15 03:09:00,Economica Flexivel,2726.7
0210014970,2023-01-31 16:47:37,Executiva,2598.33
0757109497,2022-03-11 07:02:19,Economica,2655.6
2206568721,2024-01-16 13:37:09,Executiva,2034.47
2230399551,2025-10-15 20:55:47,Economica Flexivel,522.35
8992406525,2022-12-14 18:46:35,Executiva,2152.58
5689575976,2022-11-10 05:48:07,Economica,1818.97
5440858857,2022-02-25 18:13:23,Executiva,2451.08
5996777886,2022-12-16 00:22:42,Executiva,2524.77
