nvoo,companhia,horario
17-933-9149,Azul,2023-08-25 15:58:47
21-395-6829,Delta Air Lines,2025-10-01 00:48:48
28-159-5314,Aeromexico,2024-04-13 15:05:21
88-312-5847,GOL,2022-09-13 00:17:00
77-001-8899,Avianca,2024-11-24 10:49:27
30-831-9297,GOL,2025-06-27 19:48:36
30-941-5888,LATAM,2022-10-31 14:36:49
04-875-4131,Delta Air Lines,2024-03-04 09:08:28
64-588-7061,Azul,2023-10-03 17:42:59
98-062-3310,Delta Air Lines,2022-04-13 12:58:10
21-926-2215,Copa Airlines,2023-02-05 18:55:57
42-995-3531,Copa Airlines,2025-03-17 02:00:13
94-235-7495,GOL,2025-07-29 17:03:21
05-286-2818,LATAM,2024-02-25 23:15:15
86-514-7902,LATAM,2025-12-11 01:12:24
93-149-2065,Copa Airlines,2022-03-04 13:27:53
31-528-8962,Avianca,2023-09-07 16:37:59
45-181-8963,GOL,2024-06-25 10:13:20
06-427-5369,GOL,2022-05-28 16:04:21
78-074-3372,Aeromexico,2025-07-22 12:09:50
58-081-3525,Copa Airlines,2025-12-17 19:34:59
57-808-7971,Aeromexico,2025-11-05 01:48:40
50-505-6863,Azul,2023-07-11 20:12:54
88-998-5437,GOL,2025-04-21 13:38:07
08-853-1387,Copa Airlines,2025-03-26 20:51:19
90-225-3601,Air France,2025-08-19 11:40:17
05-086-2780,Air France,2023-11-08 17:07:13
28-238-6941,Delta Air Lines,2024-07-20 01:53:54
53-734-4928,Copa Airlines,2025-07-25 12:27:13
98-480-0097,Delta Air Lines,2024-12-13 21:46:24
59-969-0379,Emirates Airlines,2025-07-13 22:10:47
13-469-2464,Azul,2022-06-03 05:51:12
06-091-6822,Azul,2025-05-28 11:47:39
57-229-5373,Aeromexico,2023-04-09 03:40:17
74-655-4238,Avianca,2022-07-10 18:52:34
70-125-3955,GOL,2023-05-13 11:46:06
84-203-0122,LATAM,2023-07-07 12:03:14
54-601-1786,Azul,2025-09-24 11:11:05
44-621-5921,GOL,2022-06-12 10:29:48
31-299-4678,Emirates Airlines,2023-09-04 14:20:11
90-260-0746,Emirates Airlines,2025-03-20 17:29:01
44-573-6647,GOL,2022-10-26 13:09:33
05-313-2787,GOL,2023-04-15 10:42:24
02-184-6874,Avianca,2024-04-04 22:44:13
87-453-2148,Avianca,2025-06-04 14:06:06
51-779-1554,GOL,2023-09-03 11:48:56
65-716-3289,Azul,2025-09-03 02:23:30
70-273-8854,Emirates Airlines,2024-12-02 10:57:12
94-938-4950,Delta Air Lines,2025-02-04 08:59:51
36-132-5270,Copa Airlines,2022-11-05 04:54:49
23-391-3184,Emirates Airlines,2023-01-25 10:29:57
49-903-9668,Emirates Airlines,2025-08-08 19:35:43
67-651-8740,LATAM,2024-02-15 07:15:54
57-529-6959,Avianca,2025-02-06 20:40:13
13-848-8632,Aeromexico,2024-02-22 23:43:46
92-911-0059,Aeromexico,2022-10-12 06:35:35
02-439-6362,Copa Airlines,2023-07-04 20:14:35
64-930-4965,Copa Airlines,2022-02-11 14:34:51
57-284-4027,Azul,2024-02-28 14:26:50
15-620-1119,Emirates Airlines,2022-01-14 17:49:36
05-245-3217,Aeromexico,2024-09-04 16:16:37
42-097-2294,Aeromexico,2023-03-09 17:21:10
75-831-8990,Avianca,2023-07-13 00:17:25
31-860-0011,Azul,2024-12-27 02:19:34
82-329-7982,GOL,2023-11-23 15:48:20
09-386-7615,Copa Airlines,2022-11-05 04:10:33
37-574-4125,Azul,2023-03-27 15:14:27
06-051-0074,Aeromexico,2022-10-06 04:01:20
72-826-0616,Avianca,2022-06-02 20:11:34
44-572-8380,Emirates Airlines,2025-01-21 11:16:25
85-698-4580,Air France,2023-08-26 10:18:26
07-961-0509,Avianca,2023-01-16 06:45:03
55-340-9751,LATAM,2022-12-17 19:50:46
12-434-1386,LATAM,2025-07-05 07:12:52
48-834-8113,Avianca,2024-01-20 03:31:50
28-759-6190,Emirates Airlines,2024-07-08 19:23:53
20-621-7916,GOL,2023-07-07 00:45:11
53-612-9511,Aeromexico,2022-11-12 17:00:01
93-996-3277,LATAM,2024-05-28 04:56:09
48-932-8084,GOL,2023-06-07 08:40:32
02-867-1605,Azul,2025-03-14 09:48:26
44-999-7015,Delta Air Lines,2024-06-24 09:11:38
62-578-9219,Aeromexico,2024-09-02 19:05:23
06-300-2524,Aeromexico,2023-07-22 02:10:40
56-189-5542,LATAM,2024-07-30 04:10:49
32-397-8805,Delta Air Lines,2023-05-11 22:21:00
30-388-9625,Aeromexico,2025-10-18 09:17:57
89-569-2558,LATAM,2025-02-14 09:19:04
19-438-9512,Aeromexico,2025-01-13 16:34:44
08-721-0387,Avianca,2023-07-05 22:30:42
12-502-9876,Air France,2022-06-10 15:14:29
14-959-9430,Aeromexico,2024-01-07 19:11:21
85-744-5524,LATAM,2025-04-12 06:46:22
46-783-6781,Copa Airlines,2025-12-04 03:11:16
11-337-8340,Air France,2022-12-19 13:39:43
87-039-1660,Delta Air Lines,2025-05-11 01:02:01
45-897-5440,Avianca,2024-05-06 13:19:47
63-680-7612,GOL,2022-12-23 14:49:25
18-797-7692,Aeromexico,2024-11-18 22:01:54
16-094-8729,Emirates Airlines,2024-07-26 15:02:19
77-893-0825,Aeromexico,2022-01-26 03:48:55
72-008-9557,Delta Air Lines,2023-06-15 20:23:13
23-296-1039,Air France,2025-07-09 03:33:30
50-856-0712,Copa Airlines,2022-08-28 09:31:27
79-600-8552,Air France,2024-10-10 21:49:37
42-359-4719,Azul,2023-04-05 22:04:00
63-031-9663,Air France,2025-10-21 00:20:14
89-008-9198,Emirates Airlines,2023-06-06 19:26:15
92-574-1309,Avianca,2023-01-18 02:37:21
48-089-1831,Air France,2022-01-01 20:12:11
78-060-0775,Copa Airlines,2022-11-04 06:50:22
93-624-0945,Azul,2025-03-05 22:53:34
49-708-3831,Aeromexico,2024-05-04 07:29:18
15-544-1636,Air France,2024-04-30 03:33:59
29-490-6725,Avianca,2025-09-02 03:00:29
26-821-3975,Delta Air Lines,2024-01-25 01:34:56
49-385-0344,Avianca,2023-07-03 02:20:45
33-427-4443,Aeromexico,2023-12-29 11:01:28
93-051-7464,Copa Airlines,2022-12-05 17:41:24
78-572-6704,Delta Air Lines,2025-02-26 18:29:46
13-826-6240,Avianca,2024-08-09 14:23:53
24-060-4926,Aeromexico,2022-02-04 17:13:39
17-334-3551,Copa Airlines,2023-01-01 01:44:13
34-420-0264,Emirates Airlines,2023-02-10 09:12:56
63-801-4665,Emirates Airlines,2023-02-26 14:58:27
04-328-4465,Copa Airlines,2022-11-12 05:15:19
25-658-6635,Emirates Airlines,2023-12-19 13:16:44
25-865-1431,Emirates Airlines,2023-04-01 19:31:13
69-430-2337,Azul,2024-05-03 20:28:18
13-437-6989,LATAM,2022-12-29 08:36:52
36-726-6976,Copa Airlines,2024-07-24 02:37:23
63-537-4125,Azul,2022-09-22 12:50:47
56-350-1951,LATAM,2023-03-07 02:43:45
26-876-1070,GOL,2024-11-18 20:04:24
77-140-9421,Avianca,2023-05-24 05:29:50
70-398-8411,Air France,2023-12-12 07:38:51
53-572-8083,Emirates Airlines,2024-02-15 14:48:20
55-590-0784,Aeromexico,2025-05-24 16:30:11
81-298-3151,Aeromexico,2025-05-08 03:23:05
91-761-7729,Azul,2025-01-09 11:08:06
51-635-1062,LATAM,2025-09-18 07:06:49
21-476-5505,Avianca,2023-07-09 22:12:46
32-309-7383,GOL,2025-08-25 22:42:35
58-804-2237,GOL,2022-03-01 14:21:21
04-741-1658,Copa Airlines,2024-07-01 15:02:17
31-257-4941,Aeromexico,2023-02-16 18:36:09
70-260-4447,Emirates Airlines,2023-01-01 16:59:39
01-011-4675,Delta Air Lines,2023-11-14 23:46:13
98-248-8798,Avianca,2022-09-07 04:49:37
07-687-3583,GOL,2022-02-03 16:51:18
60-839-1744,GOL,2024-06-07 23:11:43
08-362-4738,Air France,2022-06-30 17:31:55
58-895-8555,Air France,2025-07-04 10:10:32
52-095-7851,Avianca,2023-11-27 15:28:59
77-514-2438,Aeromexico,2024-08-16 19:03:11
99-024-8412,LATAM,2023-11-16 22:44:31
00-082-8013,Air France,2022-04-10 03:11:52
11-280-4205,Copa Airlines,2022-12-07 01:47:18
43-699-5760,Emirates Airlines,2022-06-12 07:39:04
50-080-7571,Avianca,2025-11-29 02:06:19
73-167-1164,Azul,2022-01-06 00:07:22
82-173-0840,Delta Air Lines,2024-07-20 05:26:12
40-698-4816,LATAM,2025-06-23 04:20:09
26-312-5682,Aeromexico,2022-08-21 19:35:22
45-641-4594,Emirates Airlines,2025-09-30 16:46:08
76-688-6378,GOL,2024-11-25 13:02:35
61-656-9190,Aeromexico,2022-01-06 04:02:54
46-342-4545,Azul,2024-12-07 23:30:37
79-830-2362,Air France,2024-08-07 23:46:49
45-114-6452,Avianca,2022-12-16 12:09:12
84-510-6432,Emirates Airlines,2025-01-11 06:51:32
79-227-0634,Azul,2024-01-09 20:47:16
58-770-1922,Azul,2024-12-06 02:30:26
69-712-0107,Delta Air Lines,2023-05-23 13:43:05
70-403-6628,LATAM,2025-08-23 20:39:53
04-892-1461,Azul,2022-04-25 21:36:39
55-739-0788,Copa Airlines,2025-02-03 16:19:55
34-999-5136,Air France,2025-07-11 21:03:23
30-193-4097,Avianca,2024-04-06 20:09:36
51-942-2112,Copa Airlines,2025-01-31 01:08:57
01-648-4945,Copa Airlines,2024-02-09 18:17:14
37-554-1093,Azul,2024-03-12 13:39:19
92-496-5227,Air France,2025-06-22 05:20:25
85-469-5368,Emirates Airlines,2024-08-16 17:19:25
46-620-7310,Aeromexico,2023-02-18 09:40:07
44-958-1145,Avianca,2024-07-25 15:50:36
40-177-7200,Emirates Airlines,2024-01-14 20:26:01
05-890-1381,Aeromexico,2023-03-23 21:59:12
43-134-8626,Aeromexico,2025-09-11 13:14:00
04-322-6442,GOL,2023-09-16 15:35:19
86-456-5562,LATAM,2022-03-23 21:27:23
68-637-5287,Aeromexico,2025-04-14 15:11:02
78-173-3221,Delta Air Lines,2024-05-05 01:19:01
42-319-5461,Copa Airlines,2023-01-18 23:05:31
16-547-9505,GOL,2023-02-10 01:05:20
67-125-8639,LATAM,2024-02-28 11:09:02
66-116-3784,Air France,2023-10-31 10:25:09
87-092-7075,Delta Air Lines,2024-10-09 14:29:09
51-502-2383,Copa Airlines,2023-03-14 03:05:10
62-840-2564,Azul,2023-01-14 12:20:02
02-745-7347,Copa Airlines,2022-07-10 05:47:30
75-789-6234,Aeromexico,2025-12-29 16:08:00
02-504-7812,Copa Airlines,2023-03-20 07:02:14
95-788-8277,GOL,2024-03-23 21:00:41
73-462-8391,Air France,2025-10-28 11:55:18
70-990-7607,Delta Air Lines,2023-03-29 17:39:28
75-111-4181,Aeromexico,2023-09-19 19:52:15
38-589-3412,Azul,2024-02-28 16:09:33
71-522-0237,Copa Airlines,2024-11-18 04:24:40
09-192-0295,Delta Air Lines,2023-03-18 07:43:12
08-573-5219,Avianca,2023-11-11 00:21:32
27-276-6777,GOL,2022-05-13 14:13:00
36-529-2763,Azul,2024-12-11 11:16:37
46-662-0569,Azul,2024-07-22 14:48:40
83-738-5200,Delta Air Lines,2024-06-08 02:22:22
64-620-8948,Air France,2025-10-11 00:27:46
15-560-8665,Avianca,2023-01-28 09:27:33
81-347-1485,GOL,2024-06-26 04:20:40
60-781-3268,Air France,2025-12-29 17:13:59
78-972-0154,Avianca,2024-01-06 18:26:47
29-980-9503,Air France,2023-02-26 23:37:52
04-267-3659,Azul,2025-05-22 16:57:45
80-214-5276,Avianca,2023-11-13 17:10:35
92-584-5124,Emirates Airlines,2025-12-24 05:57:39
80-016-8881,Delta Air Lines,2022-12-04 15:24:01
97-890-3933,Copa Airlines,2023-01-17 15:19:06
47-911-4758,LATAM,2025-11-20 20:05:18
89-322-8566,LATAM,2022-08-30 20:40:25
22-803-4877,LATAM,2022-02-01 08:40:53
97-085-2082,Azul,2025-03-04 02:45:52
17-445-9165,Azul,2022-04-09 13:22:34
34-762-6749,Emirates Airlines,2025-11-20 08:58:13
85-536-0814,GOL,2023-01-27 16:54:42
41-243-8610,LATAM,2025-02-15 21:18:48
06-054-0698,Aeromexico,2025-02-26 13:22:31
48-124-4749,LATAM,2023-12-15 00:19:12
04-135-0025,Copa Airlines,2024-02-01 02:07:11
82-020-3371,Delta Air Lines,2024-11-12 15:05:11
95-694-8488,GOL,2025-10-07 01:19:03
79-643-8766,GOL,2022-09-30 04:58:52
52-580-7529,Azul,2022-10-10 06:34:59
14-120-3424,Avianca,2025-08-04 14:11:45
83-415-2390,Aeromexico,2024-09-23 08:34:29
55-695-4112,Aeromexico,2023-03-27 06:08:58
64-341-3075,Aeromexico,2025-04-23 08:01:19
69-067-3484,Emirates Airlines,2023-08-12 10:56:41
77-009-4844,Delta Air Lines,2025-11-09 00:49:29
72-674-5194,Azul,2023-05-14 05:13:53
86-890-1438,GOL,2023-04-20 14:28:15
06-520-7717,Air France,2025-05-17 05:08:47
52-288-6647,GOL,2023-04-19 09:35:55
71-550-6453,Emirates Airlines,2024-06-21 14:24:38
45-672-0171,Air France,2023-06-21 04:57:35
50-535-0834,Copa Airlines,2022-01-11 13:30:55
07-555-3164,Air France,2024-09-28 16:29:30
52-498-6617,Delta Air Lines,2022-02-03 10:44:10
75-642-5163,Avianca,2022-12-25 23:59:08
20-944-6011,Azul,2024-11-15 14:19:39
27-719-0074,GOL,2025-12-18 15:19:36
11-408-5851,Avianca,2024-05-08 00:37:16
42-434-5759,Copa Airlines,2023-11-16 20:02:47
74-259-6360,Delta Air Lines,2022-07-02 06:19:28
43-479-7951,Avianca,2022-05-30 18:54:45
59-712-9915,Copa Airlines,2023-10-23 12:14:29
71-427-1930,Avianca,2022-08-08 16:25:15
62-139-2622,LATAM,2023-01-01 21:14:51
03-843-6512,GOL,2022-06-25 01:13:21
78-298-5336,GOL,2022-08-22 17:08:23
78-279-4269,Air France,2024-04-06 12:31:38
30-236-6112,Emirates Airlines,2024-08-13 01:31:08
93-699-7355,Avianca,2024-04-12 17:34:04
88-178-6440,LATAM,2025-09-01 17:29:13
73-266-2157,GOL,2024-08-27 19:14:07
17-244-3855,Air France,2024-02-12 15:50:55
72-081-6256,Azul,2024-02-22 21:53:40
90-270-4783,GOL,2023-09-23 08:01:39
18-694-2834,Copa Airlines,2022-01-31 09:41:44
46-949-9639,Copa Airlines,2024-07-08 23:43:32
73-949-2035,GOL,2025-12-12 00:21:24
29-286-9973,Air France,2024-06-09 08:24:47
28-216-4834,Delta Air Lines,2023-10-16 05:27:42
86-215-1054,Aeromexico,2023-02-12 15:27:35
30-261-3350,Emirates Airlines,2023-02-18 09:11:43
18-090-6138,LATAM,2025-03-19 11:28:35
49-102-2102,Air France,2024-12-03 09:50:23
28-398-4460,Copa Airlines,2022-08-06 05:56:14
71-020-6396,Copa Airlines,2022-05-04 06:19:19
84-631-2034,Aeromexico,2022-02-12 18:28:14
34-936-5390,Delta Air Lines,2024-04-14 11:04:07
64-149-3945,Copa Airlines,2024-11-09 03:05:47
47-756-7567,Avianca,2025-05-29 19:51:58
22-084-5702,Copa Airlines,2023-05-26 10:08:19
38-170-0990,Aeromexico,2023-07-10 11:30:51
15-202-3377,Aeromexico,2024-01-20 12:33:39
40-077-7330,Emirates Airlines,2023-05-18 08:45:27
27-603-0074,Delta Air Lines,2022-09-29 13:30:46
07-844-8737,Azul,2023-06-20 13:58:25
47-683-4648,Aeromexico,2023-09-19 03:41:05
72-097-6802,Azul,2023-11-06 10:18:57
83-383-9703,GOL,2024-10-04 02:34:50
70-008-1602,Azul,2025-10-14 10:02:06
37-887-5476,GOL,2024-05-04 21:52:30
10-881-2576,Delta Air Lines,2025-08-11 05:27:52
69-070-0765,Azul,2025-12-13 19:57:10
98-525-1516,Emirates Airlines,2024-02-20 12:44:26
70-753-8133,Emirates Airlines,2025-02-05 02:09:04
70-279-2036,Azul,2025-11-02 01:08:28
32-085-4511,Copa Airlines,2024-05-29 22:55:36
84-669-2435,Air France,2023-07-11 03:41:23
26-878-5827,GOL,2022-04-10 14:08:16
49-428-5700,Aeromexico,2022-03-08 22:06:37
01-874-0005,GOL,2024-10-01 08:24:36
75-972-2865,Aeromexico,2022-06-04 14:14:33
49-419-0409,LATAM,2024-07-22 23:30:21
55-501-4514,Avianca,2022-05-16 02:20:11
15-685-9420,Aeromexico,2025-01-16 00:47:25
75-231-8561,Aeromexico,2023-12-26 11:26:31
12-747-2355,Delta Air Lines,2022-05-22 01:58:18
49-747-6767,Air France,2025-07-01 18:29:29
13-686-2429,Azul,2024-04-22 04:03:25
56-844-2822,Copa Airlines,2024-07-17 06:56:47
63-896-3404,Emirates Airlines,2025-08-21 15:20:14
51-059-7035,Emirates Airlines,2023-06-19 09:01:14
51-404-3210,GOL,2022-09-16 05:47:01
63-369-0683,LATAM,2024-12-26 16:25:20
21-443-7816,LATAM,2023-09-13 02:51:22
11-550-5591,Emirates Airlines,2022-12-14 08:57:49
53-195-2189,Avianca,2025-12-27 14:42:34
80-796-9716,Copa Airlines,2024-04-11 20:37:15
44-769-7563,Delta Air Lines,2023-10-27 02:37:06
00-490-6949,GOL,2024-02-07 15:10:40
16-093-5576,Delta Air Lines,2022-04-22 21:12:06
22-280-3598,GOL,2022-05-10 18:25:54
07-570-5953,Air France,2025-02-05 06:09:30
17-222-7661,Azul,2025-01-22 11:44:37
67-579-9469,Aeromexico,2022-04-23 17:43:42
98-279-2945,GOL,2022-10-31 19:50:14
33-186-0696,Air France,2025-06-21 00:55:06
79-787-5832,Emirates Airlines,2025-03-09 14:24:07
86-250-6455,Emirates Airlines,2022-01-14 22:16:44
60-335-6943,LATAM,2022-10-28 05:40:00
11-686-6439,Aeromexico,2023-06-26 10:26:53
09-470-5892,Avianca,2025-10-30 18:33:29
28-285-3002,Avianca,2025-09-10 12:10:21
01-414-2529,LATAM,2025-03-06 20:07:27
91-061-0650,Delta Air Lines,2023-05-05 12:26:28
63-136-1048,Air France,2022-09-26 17:35:12
14-461-5993,Avianca,2025-04-03 10:30:07
33-835-0152,Aeromexico,2023-10-13 01:45:40
25-782-7680,Air France,2022-08-23 13:51:11
46-948-2933,Air France,2025-03-08 00:09:18
15-347-7129,Azul,2024-12-29 07:52:21
06-787-5087,Copa Airlines,2023-02-21 18:03:31
52-184-5666,LATAM,2022-12-29 08:14:56
52-762-2662,Azul,2024-11-30 09:41:13
77-708-9392,Emirates Airlines,2024-04-20 16:41:14
92-970-2220,Delta Air Lines,2025-07-07 22:22:47
99-713-0618,Emirates Airlines,2023-06-14 09:16:36
29-894-2797,GOL,2022-07-16 18:59:52
79-315-0400,Delta Air Lines,2023-01-07 03:31:45
60-086-6021,Copa Airlines,2023-10-01 13:26:33
93-441-1126,LATAM,2025-02-22 10:32:22
29-772-0544,Air France,2022-03-09 07:34:07
84-793-6692,Copa Airlines,2023-01-19 06:36:47
83-284-2436,LATAM,2022-12-23 00:59:56
60-100-9758,Air France,2022-03-16 09:46:13
46-605-1769,Delta Air Lines,2022-01-16 08:57:59
25-558-7287,Emirates Airlines,2024-12-10 14:36:48
86-416-0738,Emirates Airlines,2023-07-02 06:29:25
66-316-6237,Air France,2022-07-07 14:52:48
54-984-3441,Azul,2024-04-28 09:38:23
12-638-9883,Air France,2024-03-19 04:12:37
01-877-6839,Aeromexico,2022-08-16 10:43:09
46-007-0378,Azul,2024-10-30 12:46:31
99-727-4971,GOL,2023-09-26 15:11:36
37-088-4015,Aeromexico,2023-02-24 07:34:26
26-152-2858,Avianca,2024-04-14 19:05:18
72-218-8028,GOL,2023-10-04 06:01:02
26-315-0150,Emirates Airlines,2025-12-26 19:41:27
92-411-4700,Delta Air Lines,2023-03-08 09:30:08
77-670-4838,Air France,2023-12-10 22:49:25
53-519-0626,GOL,2022-05-11 20:09:46
41-298-8874,Copa Airlines,2025-03-13 13:31:46
58-965-7150,Delta Air Lines,2025-10-16 00:14:58
83-550-7450,Copa Airlines,2023-03-08 01:28:02
15-330-3090,Azul,2025-05-12 18:24:57
56-416-1955,Emirates Airlines,2023-01-25 07:57:39
77-902-1952,Copa Airlines,2022-09-17 01:32:04
37-556-4400,Azul,2023-08-18 12:40:33
76-974-6929,GOL,2022-09-26 16:44:15
47-526-4909,Avianca,2022-04-23 05:09:28
13-704-6821,Air France,2025-05-13 10:49:18
29-785-4773,GOL,2024-12-19 20:00:49
49-714-5845,Copa Airlines,2022-03-24 05:04:42
66-088-7475,Avianca,2025-04-27 17:28:40
55-535-9798,Air France,2022-04-18 09:03:09
50-688-8385,Emirates Airlines,2024-07-09 04:26:37
21-799-3924,GOL,2024-07-21 22:13:42
24-087-0748,Air France,2022-10-11 08:55:01
35-127-1864,Avianca,2024-11-26 16:53:23
41-016-4468,Avianca,2022-03-15 11:19:34
98-056-9084,LATAM,2024-01-01 17:35:39
96-077-0102,Copa Airlines,2023-01-27 15:18:23
94-869-2653,Azul,2024-08-27 12:16:28
88-805-0269,Aeromexico,2024-12-14 02:05:09
38-457-1740,Avianca,2023-11-04 22:38:38
37-829-8394,LATAM,2024-11-03 23:22:51
61-952-8827,Avianca,2024-03-31 14:48:25
85-603-5124,Avianca,2025-10-25 13:46:58
52-917-1908,Azul,2023-12-04 01:36:42
01-563-9784,Air France,2024-04-17 22:54:50
37-350-5587,Delta Air Lines,2025-08-30 09:17:30
86-415-6587,LATAM,2022-08-10 17:15:04
82-680-6350,Copa Airlines,2023-06-18 14:19:55
35-939-5561,Aeromexico,2023-07-26 11:47:15
61-184-6303,GOL,2024-04-09 15:28:50
14-475-4881,Delta Air Lines,2025-06-15 11:57:04
98-042-6747,Delta Air Lines,2023-07-19 00:00:26
48-286-7102,Avianca,2025-07-03 02:50:33
88-853-8602,Avianca,2025-02-18 12:14:46
99-739-7531,LATAM,2025-07-19 03:52:23
93-614-6495,Avianca,2023-07-20 12:25:02
81-505-6163,GOL,2025-02-20 08:30:40
20-103-5015,Delta Air Lines,2023-03-24 06:43:07
23-706-0756,Azul,2023-08-05 07:23:13
88-803-9738,Avianca,2024-11-14 07:28:17
81-850-8388,Azul,2022-05-17 23:00:33
47-284-3025,Copa Airlines,2025-09-11 09:13:46
64-131-1302,Air France,2024-08-15 19:29:28
70-061-9508,Copa Airlines,2022-06-29 12:39:43
45-512-0065,Azul,2024-04-10 05:12:25
24-574-6845,Aeromexico,2023-09-26 18:14:09
54-394-5240,Emirates Airlines,2024-09-13 12:28:45
33-354-3178,Copa Airlines,2024-02-20 09:28:52
24-454-4638,LATAM,2024-08-11 02:15:22
55-437-1274,Air France,2025-02-22 19:31:26
72-111-1672,Azul,2025-08-26 05:27:50
94-718-0667,Aeromexico,2023-05-29 13:03:24
99-266-0774,Avianca,2022-01-26 11:33:06
16-340-6497,Avianca,2022-04-19 08:59:50
20-741-8685,Emirates Airlines,2023-02-06 23:10:58
53-085-2918,GOL,2024-07-30 19:20:28
52-007-2054,Delta Air Lines,2025-03-12 22:25:50
34-730-8856,Azul,2025-10-08 00:44:51
94-622-7952,LATAM,2024-09-16 22:12:35
69-760-3146,GOL,2025-08-31 00:57:47
45-856-5507,GOL,2022-07-11 03:04:55
49-493-8025,Air France,2025-07-25 11:52:10
30-856-2320,Avianca,2022-12-16 13:41:40
90-828-5768,LATAM,2022-08-21 00:46:53
46-516-8669,LATAM,2025-04-11 13:17:27
97-964-4062,GOL,2023-08-02 14:12:04
88-810-7581,Air France,2025-07-15 14:58:34
57-373-5755,Air France,2022-01-02 01:00:25
89-407-8894,Copa Airlines,2022-10-23 23:23:18
48-653-8731,Avianca,2023-03-11 21:33:49
35-020-5675,Avianca,2023-11-29 17:33:15
43-072-6874,Air France,2024-02-08 10:58:54
89-858-7969,GOL,2024-03-28 18:28:19
90-722-4634,Delta Air Lines,2025-11-07 03:47:00
17-389-4092,Copa Airlines,2024-01-02 01:02:43
59-804-8192,LATAM,2025-05-03 11:20:48
39-694-0284,Copa Airlines,2022-12-03 03:28:36
04-770-1102,Air France,2022-04-18 17:23:00
00-663-3561,Avianca,2023-10-30 07:26:46
80-915-1380,Copa Airlines,2023-01-24 22:35:47
32-067-9456,Air France,2022-08-25 16:42:30
46-874-5074,Emirates Airlines,2022-01-11 02:58:21
61-571-5243,Emirates Airlines,2025-06-04 15:49:13
81-113-1891,Delta Air Lines,2022-11-26 08:46:09
83-420-3734,Aeromexico,2022-08-18 09:57:06
82-276-9549,LATAM,2023-03-02 12:11:06
37-386-2423,Delta Air Lines,2022-07-02 00:56:56
18-643-7897,Emirates Airlines,2022-01-24 12:37:51
49-800-3115,Air France,2025-05-19 14:26:23
73-846-9866,GOL,2023-08-02 09:36:50
90-396-9496,Delta Air Lines,2022-10-01 07:19:18
46-757-5703,Avianca,2024-10-05 12:14:50
71-285-2113,Azul,2025-03-20 01:11:53
94-294-4982,Azul,2024-06-17 17:48:25
54-023-4236,Avianca,2025-05-11 11:48:32
67-053-5870,Copa Airlines,2024-03-14 23:15:18
98-720-2237,Avianca,2023-01-26 06:29:40
48-905-4040,Copa Airlines,2025-05-05 11:28:20
13-414-4403,Air France,2025-01-08 10:17:18
52-022-9718,Copa Airlines,2022-11-24 22:50:51
47-122-1207,Avianca,2023-02-13 21:58:08
14-850-7731,Copa Airlines,2022-11-04 01:05:29
19-173-1704,Air France,2023-07-16 14:35:12
47-983-7558,Copa Airlines,2025-07-01 11:18:49
95-156-7575,Aeromexico,2023-11-26 04:13:50
59-337-7428,Aeromexico,2023-02-03 09:24:42
44-648-7340,GOL,2025-01-14 17:03:40
13-972-2336,GOL,2023-09-14 21:35:44
09-433-2950,Air France,2024-07-30 13:56:46
55-072-9781,Copa Airlines,2024-09-25 14:55:30
09-716-1848,Delta Air Lines,2022-04-05 16:59:56
70-705-0204,Azul,2023-08-04 16:23:55
16-178-6598,Copa Airlines,2022-05-01 22:51:43
25-618-6605,Delta Air Lines,2025-03-05 13:27:47
67-679-9359,Aeromexico,2023-06-05 12:43:14
95-021-7921,Delta Air Lines,2025-03-01 03:13:07
76-703-7465,Emirates Airlines,2022-10-24 16:10:02
22-426-0940,Aeromexico,2025-08-15 18:51:35
18-878-8574,Delta Air Lines,2023-02-26 17:18:58
83-619-2872,Aeromexico,2022-06-19 19:11:21
68-327-6422,Emirates Airlines,2024-08-06 23:15:08
41-508-5537,Azul,2022-07-02 13:37:20
91-185-3091,Air France,2023-12-17 05:58:27
69-742-8451,Delta Air Lines,2025-05-20 14:49:30
86-374-4683,Copa Airlines,2022-08-16 05:20:43
44-536-2521,Delta Air Lines,2023-07-24 00:40:30
03-317-5872,Delta Air Lines,2024-12-18 08:24:11
06-606-9374,LATAM,2023-03-13 12:52:21
99-986-9332,Copa Airlines,2025-06-10 19:29:39
94-512-8081,Copa Airlines,2025-06-25 06:27:34
78-484-3753,Aeromexico,2025-01-06 07:03:05
70-262-3526,Air France,2022-11-30 07:10:21
89-813-4192,Emirates Airlines,2022-10-09 15:48:38
41-930-3721,Air France,2023-02-10 23:36:55
94-293-7957,Aeromexico,2024-07-02 07:22:39
94-142-6884,Air France,2022-05-21 20:41:45
43-492-7899,GOL,2025-04-04 08:53:23
44-148-6110,Avianca,2024-07-21 11:37:25
94-556-9457,LATAM,2022-08-12 11:00:31
55-964-9732,Azul,2023-09-06 21:13:04
29-097-7338,Azul,2025-07-13 00:08:55
39-360-2723,Delta Air Lines,2025-04-04 04:32:41
93-004-9693,Aeromexico,2024-03-12 14:43:12
84-363-4362,Azul,2022-04-16 22:35:03
00-451-9447,Air France,2024-03-03 12:08:16
13-878-3235,Avianca,2023-08-28 10:49:25
08-153-1905,Emirates Airlines,2025-11-06 09:59:32
68-538-0602,Delta Air Lines,2023-08-14 12:12:21
47-719-7255,Azul,2025-01-20 21:37:19
54-522-4086,Air France,2022-05-03 13:32:44
76-590-8095,Emirates Airlines,2024-01-16 03:15:12
15-838-6825,Air France,2023-12-17 09:06:50
38-211-3885,Air France,2022-08-13 13:17:41
63-898-1823,Azul,2024-12-12 23:07:29
37-143-5859,Delta Air Lines,2022-02-21 14:44:11
92-118-1270,Azul,2025-07-01 07:06:54
66-044-5549,LATAM,2024-07-15 12:07:15
42-812-3477,Avianca,2025-01-02 17:53:58
75-761-6878,Azul,2024-07-16 07:05:58
10-733-4598,Emirates Airlines,2025-07-16 12:52:47
65-042-4326,Air France,2025-11-03 17:12:03
67-197-4780,GOL,2022-11-04 17:37:08
24-793-5186,Azul,2022-08-16 18:30:52
27-644-7952,Copa Airlines,2025-12-10 12:33:23
60-409-5588,LATAM,2025-01-30 04:13:10
74-841-8667,Aeromexico,2023-08-18 14:21:17
61-768-3274,GOL,2024-09-21 00:51:47
91-858-4092,Air France,2025-09-27 05:30:59
68-983-8674,Azul,2022-03-28 14:13:42
90-275-9231,Emirates Airlines,2023-03-21 21:57:31
87-206-3500,Emirates Airlines,2022-12-13 06:51:01
70-052-7613,Aeromexico,2023-07-29 15:27:13
94-400-6750,Emirates Airlines,2023-10-13 14:52:21
07-668-1655,Copa Airlines,2023-04-20 00:30:30
61-419-2874,Copa Airlines,2025-02-05 11:38:19
41-814-8401,Air France,2025-05-08 08:08:34
99-346-5515,Air France,2025-03-23 15:39:34
85-935-3529,LATAM,2025-02-28 22:11:10
46-357-6263,LATAM,2023-12-13 10:16:00
01-897-0441,Delta Air Lines,2023-11-06 20:34:50
52-242-9153,Aeromexico,2023-01-31 09:37:58
97-521-0604,Aeromexico,2025-04-04 11:38:55
94-094-8036,Azul,2025-03-16 19:03:13
03-018-2006,Copa Airlines,2022-03-09 07:39:41
28-628-6803,Avianca,2022-02-16 08:16:01
08-770-2774,Delta Air Lines,2024-09-01 13:39:46
39-205-0363,Avianca,2022-10-19 05:26:53
01-739-9826,Azul,2025-01-15 23:44:20
63-994-6370,Aeromexico,2024-02-21 15:27:23
07-592-6839,Delta Air Lines,2025-04-07 08:19:52
11-204-1053,Azul,2023-06-11 06:01:20
63-395-8192,Delta Air Lines,2024-10-13 13:52:17
81-916-2792,LATAM,2024-10-11 06:50:33
02-366-6511,Copa Airlines,2024-03-12 13:40:21
95-247-2846,Azul,2022-01-29 15:00:51
48-704-5710,GOL,2023-04-01 09:35:14
29-088-0073,Aeromexico,2024-06-25 06:22:32
36-362-4477,Avianca,2024-07-02 12:02:29
81-288-5327,Avianca,2025-05-29 10:24:58
79-984-8854,Copa Airlines,2023-01-27 22:13:51
41-480-1547,Avianca,2023-10-27 20:29:20
20-131-0323,Azul,2024-12-08 00:10:38
75-642-7360,Delta Air Lines,2025-02-24 15:00:40
99-840-4979,Emirates Airlines,2025-03-21 16:57:43
55-848-3893,Air France,2025-08-27 02:31:48
09-470-7613,Azul,2024-11-02 17:46:21
15-664-0672,Delta Air Lines,2024-02-18 00:28:48
82-700-7673,Air France,2025-01-14 09:37:00
58-129-4615,GOL,2023-10-07 23:53:43
19-556-3306,Delta Air Lines,2025-06-19 05:23:10
84-868-8165,GOL,2023-09-23 16:28:46
72-896-0383,Delta Air Lines,2025-03-26 13:37:49
82-881-3414,Avianca,2023-11-18 03:08:32
18-705-1296,Air France,2025-07-08 18:56:17
57-858-9412,LATAM,2024-08-31 01:12:44
71-208-2557,Aeromexico,2025-03-25 06:28:38
11-375-2225,Avianca,2024-04-11 17:22:59
08-064-0084,Delta Air Lines,2024-04-11 09:02:59
19-885-5795,Avianca,2022-08-08 07:43:54
85-001-4296,Air France,2023-12-08 23:12:03
82-762-5970,Air France,2025-05-11 07:38:32
23-946-0179,Air France,2022-03-25 14:43:32
37-670-6090,Air France,2025-06-21 09:28:01
64-136-0902,Copa Airlines,2023-09-05 14:59:19
96-336-1598,Azul,2023-10-28 00:20:15
92-155-2976,Copa Airlines,2023-09-11 13:19:03
71-155-3892,Azul,2024-12-06 23:37:36
56-106-5322,GOL,2023-03-11 08:41:31
23-074-9406,LATAM,2022-11-21 08:43:33
49-056-3081,Aeromexico,2025-02-01 00:46:07
84-905-7888,Delta Air Lines,2022-11-12 04:51:47
74-337-2501,Delta Air Lines,2023-10-31 12:34:30
54-723-4160,LATAM,2022-12-03 09:17:03
00-641-1766,Avianca,2025-09-11 00:56:56
67-687-3307,GOL,2025-07-10 09:16:31
73-119-7802,Azul,2025-04-09 13:33:02
87-820-5799,Emirates Airlines,2025-09-20 17:20:37
66-679-9888,Air France,2022-11-04 21:24:06
70-066-6986,Delta Air Lines,2023-05-10 07:05:05
96-446-9460,Delta Air Lines,2022-02-19 11:25:05
46-025-0002,LATAM,2022-12-30 10:14:01
33-994-6608,Azul,2024-07-10 06:44:29
57-085-1031,Avianca,2024-03-19 18:27:47
42-739-9371,Air France,2025-05-30 01:08:38
67-770-0448,LATAM,2023-02-14 00:16:15
57-471-4172,Azul,2022-07-09 02:46:30
94-646-6387,Aeromexico,2023-12-30 23:33:30
19-693-9039,Delta Air Lines,2025-12-17 05:19:30
64-579-3096,Delta Air Lines,2024-05-20 01:42:20
84-080-2695,GOL,2022-09-05 16:42:59
48-784-1258,Delta Air Lines,2023-02-17 18:28:34
38-797-7530,Delta Air Lines,2022-07-09 04:30:48
77-409-4529,Emirates Airlines,2023-05-22 17:37:53
72-237-1223,GOL,2022-05-10 09:37:00
23-785-1758,Delta Air Lines,2024-01-13 16:26:15
16-324-7226,Air France,2023-04-13 08:37:48
58-007-3946,Azul,2022-07-09 21:50:45
02-565-3760,GOL,2025-03-06 09:25:36
68-743-1938,Avianca,2024-03-14 22:26:06
74-654-9972,Azul,2025-08-31 08:56:56
28-842-6404,Emirates Airlines,2024-06-09 05:00:26
00-473-8447,Delta Air Lines,2023-11-18 17:52:56
30-351-3370,Aeromexico,2023-02-12 10:46:25
72-535-0271,Aeromexico,2023-05-12 16:36:15
36-764-0326,Copa Airlines,2024-01-31 11:03:39
70-998-5692,Azul,2024-04-03 00:01:43
42-177-3508,Emirates Airlines,2024-08-15 19:52:03
05-347-8286,Air France,2022-10-13 08:03:36
40-926-4898,Air France,2022-08-06 01:05:01
82-087-3007,LATAM,2024-01-27 17:50:27
34-770-4496,Air France,2022-05-20 07:36:46
00-445-6696,Copa Airlines,2025-07-31 17:59:28
79-457-9349,GOL,2023-10-30 00:34:16
25-915-7955,Avianca,2024-09-06 11:25:18
95-815-3786,LATAM,2025-10-31 18:40:12
28-974-4205,Azul,2025-03-25 06:35:08
03-290-6818,Copa Airlines,2022-04-06 03:37:19
71-042-4694,Air France,2022-09-16 10:06:38
29-070-9704,Air France,2023-04-30 05:56:59
33-083-2957,Avianca,2024-05-04 01:25:09
97-370-5849,Delta Air Lines,2025-12-19 11:34:47
59-596-3487,Aeromexico,2023-09-22 04:35:45
93-336-1661,GOL,2024-09-16 09:15:31
96-908-1704,Azul,2022-04-16 17:41:11
70-539-6811,LATAM,2024-09-07 01:03:51
33-518-4752,Azul,2024-02-13 19:11:46
81-432-4752,Azul,2022-01-19 17:31:12
86-597-0292,Azul,2022-11-01 03:34:39
27-061-3785,Emirates Airlines,2022-05-13 06:25:39
64-770-5092,Azul,2024-04-11 16:27:59
63-711-0534,GOL,2025-07-04 08:17:10
97-925-0237,Delta Air Lines,2023-04-12 08:28:58
25-440-7538,Azul,2022-06-02 02:34:34
74-569-4861,Aeromexico,2022-11-28 21:25:47
76-336-8676,Emirates Airlines,2022-08-03 16:02:48
58-107-1756,LATAM,2023-03-19 16:31:41
45-730-6969,Avianca,2025-08-11 09:53:55
93-322-9736,Air France,2024-08-13 21:11:30
26-227-9211,Avianca,2024-10-07 14:56:09
23-668-6611,GOL,2023-06-27 21:28:41
76-483-5601,Aeromexico,2025-04-17 02:50:38
14-874-7139,Azul,2023-12-01 16:54:28
29-800-7366,GOL,2024-09-01 17:15:12
54-228-6928,Emirates Airlines,2024-08-27 23:12:36
61-460-3732,GOL,2024-07-31 00:00:33
40-564-3155,Emirates Airlines,2025-05-06 05:18:20
84-722-2130,Emirates Airlines,2025-06-21 23:18:01
77-960-6224,Azul,2022-08-25 04:29:37
26-972-4541,Emirates Airlines,2024-03-23 19:04:05
19-226-5961,Aeromexico,2025-01-07 15:45:42
24-016-1406,GOL,2022-06-22 03:55:22
03-965-1725,GOL,2024-02-24 11:47:15
94-441-1464,LATAM,2025-01-15 02:01:16
23-905-1178,LATAM,2023-05-06 18:30:26
65-588-0067,Azul,2025-08-22 18:24:43
64-187-0958,Avianca,2024-02-28 16:52:17
51-028-1968,Avianca,2022-08-29 08:40:39
68-365-0514,Azul,2025-05-13 18:35:06
39-035-7039,LATAM,2025-06-21 22:09:14
26-906-4151,Copa Airlines,2022-08-15 21:49:27
13-458-8150,Emirates Airlines,2023-02-16 06:35:51
90-638-7511,Emirates Airlines,2024-06-18 15:06:49
93-113-7824,GOL,2025-08-22 23:08:38
90-114-4198,GOL,2024-12-08 12:12:00
19-047-7998,GOL,2024-09-09 13:39:40
58-068-0717,Aeromexico,2024-08-18 12:51:07
52-947-9599,Delta Air Lines,2024-07-15 14:23:10
95-162-6463,LATAM,2024-05-23 03:00:59
60-243-2372,Aeromexico,2025-09-30 08:11:33
83-303-8862,Emirates Airlines,2022-01-28 16:58:25
25-895-6453,Air France,2025-07-18 21:08:17
32-430-1288,GOL,2022-10-17 13:17:31
88-029-7550,Emirates Airlines,2022-09-27 05:08:25
04-814-4798,Copa Airlines,2024-07-08 19:48:42
59-935-9002,Emirates Airlines,2024-07-24 08:40:51
71-852-1829,LATAM,2022-04-14 02:49:36
12-938-5442,LATAM,2023-01-20 02:40:08
59-972-1412,Emirates Airlines,2025-07-14 11:38:50
90-637-4877,LATAM,2022-12-24 08:27:53
97-919-1142,Emirates Airlines,2024-01-03 12:36:27
13-616-7862,Azul,2022-07-25 14:16:10
69-792-8823,Avianca,2025-10-14 00:16:00
60-424-6601,Delta Air Lines,2025-05-11 17:34:57
89-949-7155,Emirates Airlines,2024-10-26 14:09:11
01-372-6568,Copa Airlines,2023-07-07 05:55:17
02-285-3014,Delta Air Lines,2023-07-16 23:09:23
81-884-6130,Copa Airlines,2025-07-04 19:03:29
42-212-9908,Air France,2025-10-25 14:43:43
59-549-9887,Emirates Airlines,2024-04-16 14:48:09
93-752-7106,Avianca,2025-03-01 12:49:21
69-069-7404,Emirates Airlines,2022-05-22 04:46:07
66-914-5724,Azul,2025-08-27 11:32:42
12-497-5684,Delta Air Lines,2023-02-15 13:00:09
26-602-0374,Emirates Airlines,2024-12-05 18:39:42
31-296-3578,Emirates Airlines,2022-11-26 01:48:25
04-848-0648,LATAM,2025-09-14 14:46:21
10-088-7009,Emirates Airlines,2025-12-18 10:48:04
58-167-1255,Azul,2024-10-24 01:50:00
23-512-1536,Copa Airlines,2022-05-25 16:00:27
92-958-0901,Copa Airlines,2023-06-27 17:48:08
12-007-3382,Avianca,2025-07-10 01:01:50
29-872-8898,Delta Air Lines,2024-12-04 21:17:33
12-760-9551,Delta Air Lines,2023-06-15 22:56:35
71-620-3303,Delta Air Lines,2024-06-13 14:22:10
70-055-9281,Emirates Airlines,2023-06-30 15:45:28
72-895-5479,Copa Airlines,2022-03-01 22:43:55
29-863-3148,Azul,2022-04-02 02:59:36
65-414-8637,Delta Air Lines,2024-03-01 03:12:55
95-203-9717,Emirates Airlines,2024-12-05 15:06:22
50-745-4593,LATAM,2025-05-13 09:50:59
44-131-0199,Copa Airlines,2022-11-30 00:45:56
15-775-9508,Azul,2023-10-13 20:16:16
84-646-9526,Aeromexico,2024-09-06 05:21:21
61-301-4908,Air France,2025-07-14 22:46:15
39-792-3020,Delta Air Lines,2022-01-26 11:24:17
37-400-2865,Air France,2024-11-13 11:18:59
96-122-8555,LATAM,2022-08-02 17:24:16
32-727-1574,Delta Air Lines,2025-05-16 09:23:56
46-880-6882,Azul,2025-08-29 07:05:32
98-038-0830,Aeromexico,2025-04-16 20:27:59
52-561-8525,LATAM,2024-11-11 03:59:53
05-389-8896,Delta Air Lines,2025-11-17 05:40:09
95-912-4516,Avianca,2022-04-02 06:49:48
47-104-3657,Copa Airlines,2024-09-17 12:52:59
98-073-5445,Copa Airlines,2024-10-07 00:45:14
41-960-0409,Aeromexico,2023-05-03 05:22:03
36-180-0373,Azul,2023-07-22 11:04:22
82-316-9084,Avianca,2024-02-18 20:54:42
32-091-2585,Azul,2023-12-17 09:48:58
94-418-3227,Aeromexico,2025-11-06 02:11:05
13-966-8997,Azul,2022-01-08 12:52:26
71-025-2678,Azul,2022-06-04 03:28:49
35-482-3725,Azul,2025-09-07 22:13:04
45-605-3264,Aeromexico,2023-03-16 05:32:17
83-623-5434,Delta Air Lines,2022-05-31 03:55:16
67-594-4723,Air France,2024-10-12 19:28:48
84-206-0164,Emirates Airlines,2024-01-09 20:23:51
54-685-0852,LATAM,2023-12-22 15:21:56
54-602-9708,LATAM,2025-11-21 19:17:11
57-880-3981,Copa Airlines,2024-08-31 10:34:06
57-733-1131,Emirates Airlines,2024-08-19 19:38:25
81-235-8705,Air France,2025-03-27 20:14:11
15-199-8307,Aeromexico,2023-09-18 04:11:25
40-748-6787,Copa Airlines,2024-11-15 02:41:08
40-218-5605,Air France,2022-02-07 03:56:30
50-298-0586,Emirates Airlines,2023-05-30 19:16:35
11-687-1191,GOL,2022-09-14 18:13:49
29-895-3524,Azul,2025-04-27 17:08:18
60-523-9806,LATAM,2024-10-04 01:55:41
65-257-4157,Air France,2022-06-15 06:57:25
08-886-6456,Azul,2024-03-30 06:04:42
44-064-5803,Aeromexico,2022-06-21 07:26:30
40-606-3922,Aeromexico,2025-08-31 18:56:05
57-085-0033,Emirates Airlines,2022-02-03 17:53:14
11-435-0991,Azul,2022-01-18 03:56:21
12-598-1045,Air France,2022-11-27 14:37:35
34-767-3846,GOL,2025-03-19 22:35:58
89-450-9241,GOL,2024-12-14 03:26:51
63-457-6375,GOL,2022-11-20 20:15:37
59-202-6409,Emirates Airlines,2023-05-15 02:20:39
42-638-4877,Azul,2023-01-07 09:51:42
97-950-5923,Azul,2025-07-18 13:18:41
96-248-5617,LATAM,2025-10-14 16:19:48
27-503-5621,Emirates Airlines,2025-12-16 12:51:50
33-950-4820,Aeromexico,2022-09-23 13:37:51
40-746-5335,Aeromexico,2024-12-02 22:16:50
70-254-6556,Copa Airlines,2023-12-23 17:26:13
75-824-4169,Air France,2023-09-28 13:38:39
17-422-0222,GOL,2025-07-04 07:39:41
94-616-5788,LATAM,2023-05-30 17:42:45
90-730-5067,GOL,2025-03-29 09:40:55
94-098-9726,GOL,2025-11-05 02:14:30
36-004-3682,Azul,2022-08-24 04:50:46
60-963-0386,Avianca,2024-06-26 17:40:08
97-131-1561,GOL,2022-05-27 16:00:39
89-674-4642,Copa Airlines,2025-11-22 22:39:16
97-723-8227,Aeromexico,2025-10-04 13:48:13
48-349-5261,Delta Air Lines,2024-06-03 16:38:26
62-571-2153,Emirates Airlines,2024-05-30 00:29:03
61-082-9598,LATAM,2024-10-24 03:45:09
30-999-5689,GOL,2022-09-15 06:31:49
69-104-3253,Emirates Airlines,2022-04-19 23:56:33
74-621-4384,LATAM,2025-09-22 13:00:14
73-997-8955,LATAM,2023-12-26 15:07:37
17-598-2007,Azul,2022-12-29 23:55:14
67-951-3500,LATAM,2025-05-29 21:09:01
88-424-6406,GOL,2024-03-12 04:10:47
92-854-3845,Azul,2022-09-04 11:46:26
71-839-9532,Delta Air Lines,2022-03-10 10:57:07
70-739-7128,Emirates Airlines,2023-01-26 09:34:11
73-695-9881,Emirates Airlines,2023-09-29 07:46:58
38-411-7855,Aeromexico,2023-06-27 08:35:04
66-466-1812,Azul,2025-04-05 14:06:32
23-471-8776,LATAM,2024-09-20 20:29:20
37-250-4522,GOL,2022-10-07 10:29:30
57-500-7447,Air France,2023-12-25 12:37:31
79-448-3420,LATAM,2024-07-01 04:11:03
72-899-1785,GOL,2023-09-18 04:42:02
94-892-0528,GOL,2025-04-08 18:55:27
09-275-8742,Copa Airlines,2024-06-27 04:35:01
39-465-8851,LATAM,2025-01-06 09:58:47
26-230-3132,Azul,2024-07-04 00:22:01
82-750-9789,Emirates Airlines,2022-02-19 23:06:06
41-516-2535,GOL,2022-09-26 14:48:33
51-905-3014,GOL,2024-06-02 02:01:49
40-395-8278,Copa Airlines,2023-01-21 11:31:54
78-747-9958,Delta Air Lines,2024-06-28 17:23:53
12-104-5413,Azul,2023-07-31 23:46:01
42-689-8992,Copa Airlines,2025-02-21 05:45:41
65-271-4311,Azul,2024-04-29 06:48:05
75-746-1150,Aeromexico,2023-06-19 15:24:37
04-194-4136,Delta Air Lines,2022-10-21 03:15:02
32-788-8279,GOL,2025-05-01 10:33:00
14-609-5761,Delta Air Lines,2024-10-27 23:35:33
71-698-7097,Copa Airlines,2023-01-06 10:35:21
63-264-6500,Copa Airlines,2023-08-06 08:58:26
57-706-8086,LATAM,2024-04-15 03:54:58
58-898-4554,Air France,2023-04-26 17:43:04
47-983-3937,LATAM,2024-07-01 02:36:38
65-572-2727,Air France,2025-03-17 04:01:28
15-031-3096,Azul,2024-04-19 08:45:58
50-123-2393,Copa Airlines,2025-09-21 22:48:34
78-816-9842,Air France,2025-10-08 02:31:15
55-862-4446,Avianca,2025-10-08 17:01:10
03-251-1563,GOL,2022-09-08 16:44:45
94-770-5587,Delta Air Lines,2025-10-07 14:13:45
62-992-5057,LATAM,2022-07-17 21:44:12
11-853-5758,Delta Air Lines,2022-01-21 05:06:38
04-948-1108,Avianca,2023-09-13 07:07:34
87-916-0483,Aeromexico,2024-03-16 10:34:15
19-774-5096,GOL,2024-10-17 08:47:58
75-211-5465,Delta Air Lines,2025-09-21 12:24:53
91-946-2998,Avianca,2022-01-16 13:52:32
30-301-4327,Azul,2022-06-18 09:29:54
14-169-9529,Copa Airlines,2023-06-13 14:15:58
07-357-9268,Aeromexico,2023-06-20 03:59:31
57-432-4802,Avianca,2022-03-02 07:12:09
15-085-8670,Copa Airlines,2024-10-17 08:57:06
35-402-1560,Aeromexico,2025-12-08 20:05:18
74-118-4457,Air France,2025-07-23 21:11:18
15-160-0515,Avianca,2022-03-22 08:45:19
14-422-9564,GOL,2025-09-02 16:35:03
86-913-1500,LATAM,2024-08-17 05:32:06
72-187-1540,Avianca,2024-05-26 18:45:11
35-292-0681,Avianca,2025-08-20 21:53:15
29-399-4231,Emirates Airlines,2025-02-02 19:18:44
14-108-8594,Avianca,2024-12-08 23:29:00
16-850-6123,Delta Air Lines,2024-08-12 12:42:33
96-912-7355,Aeromexico,2022-11-16 15:40:51
24-666-1551,Aeromexico,2023-11-23 03:45:42
48-375-1784,Air France,2025-07-29 01:49:04
57-800-5844,Emirates Airlines,2025-03-15 19:06:52
12-994-5142,Emirates Airlines,2025-01-27 11:56:09
52-285-0380,GOL,2022-04-12 12:08:49
30-596-2733,Aeromexico,2025-02-10 15:11:32
17-599-1723,Emirates Airlines,2025-09-10 01:44:17
37-192-6744,Aeromexico,2024-03-02 20:02:45
90-647-1857,Air France,2025-03-05 18:40:14
18-451-5713,Avianca,2024-11-12 23:29:40
75-538-5160,Aeromexico,2025-05-04 17:06:51
46-317-3897,Emirates Airlines,2023-04-30 00:13:07
42-935-3542,GOL,2025-07-26 21:43:44
32-749-5398,GOL,2023-02-07 17:57:58
79-385-2771,Copa Airlines,2023-08-06 22:22:39
92-328-3729,Azul,2022-09-03 16:38:28
70-676-9266,Aeromexico,2023-08-20 17:47:59
07-200-6921,Emirates Airlines,2022-10-09 10:27:41
95-090-1080,Copa Airlines,2022-02-25 03:11:43
93-945-7569,Aeromexico,2024-01-23 07:04:24
75-536-3908,LATAM,2025-08-06 13:44:02
08-469-3998,GOL,2022-03-01 16:27:01
39-857-0594,LATAM,2023-10-02 14:49:25
03-330-2509,Azul,2023-08-20 14:19:45
69-418-3617,Azul,2023-10-14 21:57:44
87-399-9343,Air France,2023-12-26 16:32:03
74-977-0951,Air France,2022-12-15 07:39:30
68-099-1140,Air France,2025-04-03 18:17:05
49-484-0984,Air France,2022-02-13 19:08:16
66-280-1723,LATAM,2024-11-05 20:43:21
89-074-4915,Aeromexico,2023-01-28 23:53:18
76-319-7345,Delta Air Lines,2023-07-22 19:10:51
91-819-8111,Delta Air Lines,2025-01-22 22:05:17
23-170-2056,Avianca,2023-09-27 16:50:26
85-453-6018,Emirates Airlines,2022-03-17 00:03:11
49-222-7826,Aeromexico,2023-03-12 22:45:44
73-083-5718,Aeromexico,2023-02-17 20:08:25
51-761-8805,Delta Air Lines,2023-07-12 01:33:02
00-501-6094,Aeromexico,2022-08-18 12:14:00
32-497-2254,Emirates Airlines,2023-11-20 04:55:24
24-756-7831,Delta Air Lines,2022-04-10 00:13:07
51-808-2541,Aeromexico,2024-04-21 04:02:06
90-117-7422,Azul,2024-04-19 14:00:58
89-248-6139,Avianca,2025-05-19 21:51:36
02-468-6093,Azul,2024-05-16 06:58:24
68-160-1748,LATAM,2024-08-21 09:48:31
93-829-4347,Delta Air Lines,2025-09-03 10:07:23
48-787-0911,GOL,2022-05-16 10:01:00
31-685-8031,LATAM,2022-12-24 08:38:53
66-934-5799,Avianca,2022-04-17 22:10:58
83-186-8747,Aeromexico,2025-10-19 23:43:40
40-197-6048,Azul,2022-04-15 03:35:26
47-047-4179,GOL,2024-04-24 15:39:24
00-012-1180,Copa Airlines,2022-02-04 19:04:41
35-779-1028,Avianca,2025-08-25 06:59:15
82-273-5012,LATAM,2024-07-23 04:32:05
16-888-7579,GOL,2023-09-30 13:49:46
25-082-8870,Copa Airlines,2022-07-31 20:57:42
82-548-2667,Azul,2023-02-23 18:23:52
03-515-9255,Emirates Airlines,2022-11-17 17:18:54
54-181-4810,Aeromexico,2022-03-26 08:21:27
85-124-9060,LATAM,2025-11-25 15:29:06
34-798-0428,Aeromexico,2024-11-04 18:28:02
42-713-5047,Emirates Airlines,2025-12-08 13:04:54
62-703-4567,Avianca,2025-10-03 01:58:29
16-071-6061,Avianca,2024-06-05 01:20:33
06-644-0887,Air France,2024-07-28 19:19:58
75-854-7634,Azul,2024-02-22 04:37:38
35-975-5285,Delta Air Lines,2022-01-11 12:34:13
69-845-2068,GOL,2023-09-12 00:08:24
04-024-1040,LATAM,2025-03-22 07:29:08
18-348-6440,Aeromexico,2022-04-19 08:58:34
16-270-9341,Copa Airlines,2024-09-19 01:55:31
56-187-4767,GOL,2025-11-20 15:29:19
88-539-6630,Emirates Airlines,2024-03-09 14:01:24
27-463-1934,LATAM,2022-01-12 03:19:57
80-228-2692,Copa Airlines,2024-11-02 01:26:50
82-932-4518,Azul,2023-12-22 14:11:41
77-154-2615,Air France,2023-05-19 12:58:22
29-133-6022,Delta Air Lines,2024-11-05 05:43:58
25-250-2042,GOL,2023-03-11 10:53:42
25-472-0559,Emirates Airlines,2024-01-13 12:54:34
56-752-0521,Emirates Airlines,2023-04-10 04:32:01
28-481-9917,Copa Airlines,2024-04-06 15:26:40
09-308-6903,Avianca,2023-03-21 22:43:01
87-707-5327,LATAM,2023-10-31 05:16:37
43-093-5169,Delta Air Lines,2023-10-15 18:56:43
64-242-5683,GOL,2022-07-04 09:20:07
62-424-6686,Aeromexico,2025-04-28 16:06:33
36-669-8732,Air France,2022-12-08 21:59:35
14-090-2956,LATAM,2022-08-30 02:36:16
15-798-6194,Emirates Airlines,2024-08-19 07:17:49
06-481-5755,Azul,2024-11-02 20:41:55
96-377-4678,GOL,2023-05-13 01:31:18
56-219-5580,Aeromexico,2023-05-07 19:42:40
72-873-0729,Avianca,2022-07-14 12:31:32
09-391-8123,Emirates Airlines,2025-08-18 19:01:51
38-018-5905,Aeromexico,2023-12-08 00:28:24
76-590-3372,Air France,2022-10-14 07:49:26
08-711-2535,Air France,2022-08-10 10:24:57
96-162-3675,Delta Air Lines,2023-10-24 06:17:07
34-904-6745,Azul,2024-12-25 08:42:10
73-739-1753,Azul,2024-02-27 10:30:21
33-054-8195,LATAM,2024-11-17 16:58:47
27-026-9861,Copa Airlines,2024-11-27 08:10:29
